Season,Team,Player,Role,Nationality,Prime_Rating,Season_Rating,Notes
2008,Chennai Super Kings,Matthew Hayden,Opener,Australian,88,85,Destructive overseas opener; pillar of CSK attack
2008,Chennai Super Kings,Parthiv Patel,WK-Batter,Indian,72,70,Wicketkeeper opener in the inaugural season
2008,Chennai Super Kings,Suresh Raina,Batter,Indian,87,83,Top scorer for CSK with 421 runs; brilliant youngster
2008,Chennai Super Kings,MS Dhoni,WK-Batter (C),Indian,98,88,Captain and finisher; steered CSK to the final
2008,Chennai Super Kings,Subramaniam Badrinath,Batter,Indian,75,72,Solid middle-order contributor
2008,Chennai Super Kings,Albie Morkel,All-rounder,South African,80,85,Top wicket-taker with 17 wickets; lower-order hitter
2008,Chennai Super Kings,Jacob Oram,All-rounder,New Zealander,78,75,Overseas all-rounder; useful in middle overs
2008,Chennai Super Kings,Shadab Jakati,Bowler,Indian,68,72,Preferred spinner; economical left-arm spin
2008,Chennai Super Kings,Muttiah Muralitharan,Bowler,Sri Lankan,95,82,11 wickets; legendary off-spinner
2008,Chennai Super Kings,Lakshmipathy Balaji,Bowler,Indian,72,78,First IPL hat-trick; 11 wickets; key pacer
2008,Chennai Super Kings,Makhaya Ntini,Bowler,South African,80,72,Opening bowler; 7 wickets in 9 matches
2008,Rajasthan Royals,Graeme Smith,Opener,South African,88,82,441 runs; destructive opening partner for Watson
2008,Rajasthan Royals,Shane Watson,All-rounder,Australian,88,90,Player of tournament; 472 runs and 17 wickets
2008,Rajasthan Royals,Mohammed Kaif,Batter,Indian,72,68,176 runs; steady middle-order presence
2008,Rajasthan Royals,Yusuf Pathan,All-rounder,Indian,82,90,435 runs; final hero; 3 wickets in the decider
2008,Rajasthan Royals,Ravindra Jadeja,All-rounder,Indian,90,75,Young allrounder; debut IPL season
2008,Rajasthan Royals,Kamran Akmal,WK-Batter,Pakistani,75,72,Wicketkeeper in most matches
2008,Rajasthan Royals,Dimistri Mascarenhas,All-rounder,English,72,70,Useful lower-order all-rounder
2008,Rajasthan Royals,Shane Warne,Bowler (C),Australian,96,83,Captain-coach; 19 wickets; galvanising leader
2008,Rajasthan Royals,Sohail Tanvir,Bowler,Pakistani,80,92,Purple Cap with 22 wickets; extraordinary debut
2008,Rajasthan Royals,Munaf Patel,Bowler,Indian,72,75,14 wickets in 15 matches; reliable pacer
2008,Rajasthan Royals,Siddharth Trivedi,Bowler,Indian,65,72,13 wickets; key supporting pacer
2008,Mumbai Indians,Sanath Jayasuriya,Opener,Sri Lankan,90,88,514 runs including century; destructive opener
2008,Mumbai Indians,Rohit Sharma,Batter,Indian,90,75,Young MI player; showed early promise
2008,Mumbai Indians,Sachin Tendulkar,Batter,Indian,99,72,Icon player; below-par debut season for the format
2008,Mumbai Indians,JP Duminy,Batter,South African,78,75,Quality middle-order contribution
2008,Mumbai Indians,Kieron Pollard,All-rounder,West Indian,88,80,Young power-hitter; growing force
2008,Mumbai Indians,Harbhajan Singh,Bowler,Indian,88,82,Key spinner; early IPL leadership
2008,Mumbai Indians,Zaheer Khan,Bowler,Indian,85,82,Quality left-arm pace; experienced campaigner
2008,Mumbai Indians,Lasith Malinga,Bowler,Sri Lankan,93,85,Yorker specialist; immediately feared
2008,Mumbai Indians,Robin Uthappa,WK-Batter,Indian,80,75,Middle-order batter; showed flashes
2008,Mumbai Indians,Dwayne Bravo,All-rounder,West Indian,85,78,Death bowling specialist; early contribution
2008,Mumbai Indians,Glenn McGrath,Bowler,Australian,88,70,Legendary pacer; T20 not ideal for his style
2008,Kolkata Knight Riders,Brendon McCullum,WK-Batter,New Zealander,85,95,Historic 158* in opener; set tone for franchise
2008,Kolkata Knight Riders,Sourav Ganguly,Batter (C),Indian,88,70,Hometown hero; captain but below par
2008,Kolkata Knight Riders,Mahela Jayawardene,Batter,Sri Lankan,92,78,Elegant middle-order; inconsistent campaign
2008,Kolkata Knight Riders,Ajit Agarkar,All-rounder,Indian,75,70,Experienced all-rounder; serviceable
2008,Kolkata Knight Riders,Shoaib Akhtar,Bowler,Pakistani,88,65,Injury-hit; didn't deliver despite reputation
2008,Kolkata Knight Riders,Chris Gayle,Opener,West Indian,95,82,Powerful opening bat; early KKR stint
2008,Kolkata Knight Riders,Murali Kartik,Bowler,Indian,72,75,Left-arm spinner; useful role
2008,Kolkata Knight Riders,Ishant Sharma,Bowler,Indian,80,72,Young pacer; learning the format
2008,Kolkata Knight Riders,Umar Gul,Bowler,Pakistani,78,78,Promising pacer from Pakistan
2008,Kolkata Knight Riders,David Hussey,Batter,Australian,80,78,Useful middle-order all-rounder
2008,Kolkata Knight Riders,Sanjay Bangar,All-rounder,Indian,65,62,Serviceable but limited impact
2008,Delhi Daredevils,Virender Sehwag,Opener (C),Indian,93,85,Icon player; destructive opener for DD
2008,Delhi Daredevils,Gautam Gambhir,Opener,Indian,87,88,534 runs; consistent and classy opener
2008,Delhi Daredevils,Dinesh Karthik,WK-Batter,Indian,80,78,Quality keeper-batter in middle order
2008,Delhi Daredevils,AB de Villiers,Batter,South African,97,75,Young and raw; did not fire to full potential
2008,Delhi Daredevils,Shikhar Dhawan,Batter,Indian,88,72,Early career; showed promise for DD
2008,Delhi Daredevils,Shoaib Malik,All-rounder,Pakistani,78,75,Solid all-round contribution
2008,Delhi Daredevils,Amit Mishra,Bowler,Indian,80,82,Hat-trick hero; quality leg-spin
2008,Delhi Daredevils,Glenn McGrath,Bowler,Australian,88,72,Experienced but T20 suited him less
2008,Delhi Daredevils,Mohammad Asif,Bowler,Pakistani,82,78,Dangerous swing; useful spells
2008,Delhi Daredevils,Venugopal Rao,Batter,Indian,65,68,Useful role player
2008,Delhi Daredevils,Pradeep Sangwan,Bowler,Indian,65,68,Young left-arm pacer
2008,Kings XI Punjab,Shaun Marsh,Opener,Australian,83,95,Orange Cap winner with 616 runs; dominant
2008,Kings XI Punjab,Kumar Sangakkara,WK-Batter,Sri Lankan,94,80,Quality WK-batter in middle order
2008,Kings XI Punjab,Yuvraj Singh,Batter,Indian,92,85,Icon player; powerful middle-order bat
2008,Kings XI Punjab,Brett Lee,Bowler,Australian,88,82,Experienced pace bowler; solid contribution
2008,Kings XI Punjab,Sreesanth,Bowler,Indian,75,78,19 wickets; high-energy pacer
2008,Kings XI Punjab,Piyush Chawla,Bowler,Indian,75,78,17 wickets; quality leg-spinner
2008,Kings XI Punjab,Andrew Flintoff,All-rounder,English,85,70,Injury limited impact; great pedigree
2008,Kings XI Punjab,Ryan Harris,Bowler,Australian,75,72,Australian pace option; decent debut
2008,Kings XI Punjab,Irfan Pathan,All-rounder,Indian,80,75,Useful left-arm swing and batting
2008,Kings XI Punjab,Ramesh Powar,Bowler,Indian,65,68,Off-spin option; serviceable
2008,Kings XI Punjab,Balaji Rao,Bowler,Indian,60,62,Supporting domestic option
2008,Royal Challengers Bangalore,Rahul Dravid,Batter (C),Indian,95,65,Icon player; T20 wasn't his format
2008,Royal Challengers Bangalore,Mark Boucher,WK-Batter,South African,82,70,Quality wicketkeeper; steady contributor
2008,Royal Challengers Bangalore,Jacques Kallis,All-rounder,South African,95,78,World-class but conservative; quality nonetheless
2008,Royal Challengers Bangalore,Virat Kohli,Batter,Indian,99,70,Very young; just breaking into the team
2008,Royal Challengers Bangalore,Shivnaraine Chanderpaul,Batter,West Indian,82,68,Solid but T20 not suited to his style
2008,Royal Challengers Bangalore,Wasim Jaffer,Opener,Indian,68,62,Test specialist; struggled in T20 format
2008,Royal Challengers Bangalore,Cameron White,All-rounder,Australian,75,72,Useful lower-order all-rounder
2008,Royal Challengers Bangalore,Anil Kumble,Bowler,Indian,90,75,Experienced captain of team; useful spinner
2008,Royal Challengers Bangalore,Dale Steyn,Bowler,South African,95,78,World-class pacer; showed quality despite team's issues
2008,Royal Challengers Bangalore,Zaheer Khan,Bowler,Indian,85,80,Left-arm pace; good spells
2008,Royal Challengers Bangalore,Ashoke Dinda,Bowler,Indian,65,62,Medium pace support option
2008,Deccan Chargers,Adam Gilchrist,WK-Batter (C),Australian,93,80,436 runs; captain mid-season; aggressive start
2008,Deccan Chargers,Herschelle Gibbs,Opener,South African,80,75,Experienced opener; decent debut year
2008,Deccan Chargers,VVS Laxman,Batter (C),Indian,85,65,Original captain; injury ended season early
2008,Deccan Chargers,Rohit Sharma,Batter,Indian,90,72,Young player; showed early promise
2008,Deccan Chargers,Andrew Symonds,All-rounder,Australian,85,80,117* century; powerful when fit
2008,Deccan Chargers,Tirumalasetti Suman,Batter,Indian,65,65,Middle-order contributor
2008,Deccan Chargers,Venugopal Rao,Batter,Indian,65,65,Domestic stalwart
2008,Deccan Chargers,RP Singh,Bowler,Indian,80,82,15 wickets; key pacer for DC
2008,Deccan Chargers,Pragyan Ojha,Bowler,Indian,78,75,Left-arm spinner; consistent
2008,Deccan Chargers,Ryan Harris,Bowler,Australian,75,70,Serviceable Australian pace
2008,Deccan Chargers,Sanjay Bangar,All-rounder,Indian,65,60,Limited impact; team finished last
2009,Chennai Super Kings,Matthew Hayden,Opener,Australian,88,88,572 runs; second Orange Cap season
2009,Chennai Super Kings,Murali Vijay,Opener,Indian,82,78,Emerging opener; decent debut
2009,Chennai Super Kings,Suresh Raina,Batter,Indian,87,82,Consistent middle-order; key contributor
2009,Chennai Super Kings,MS Dhoni,WK-Batter (C),Indian,98,90,Led CSK to semi-finals; dominant captain
2009,Chennai Super Kings,Subramaniam Badrinath,Batter,Indian,75,75,Solid middle-order
2009,Chennai Super Kings,Albie Morkel,All-rounder,South African,80,80,Valuable all-round contribution
2009,Chennai Super Kings,Jacob Oram,All-rounder,New Zealander,78,72,Overseas all-rounder; decent
2009,Chennai Super Kings,Ravichandran Ashwin,Bowler,Indian,88,72,Early career; limited game time
2009,Chennai Super Kings,Muttiah Muralitharan,Bowler,Sri Lankan,95,82,14 wickets; still valuable
2009,Chennai Super Kings,Lakshmipathy Balaji,Bowler,Indian,72,75,Solid pace option
2009,Chennai Super Kings,Makhaya Ntini,Bowler,South African,80,70,Opening bowler; useful but fading
2009,Deccan Chargers,Adam Gilchrist,WK-Batter (C),Australian,93,92,Champions captain; 564 runs and 21 dismissals
2009,Deccan Chargers,Herschelle Gibbs,Opener,South African,80,82,371 runs; 11 catches; brilliant fielder-opener
2009,Deccan Chargers,Tirumalasetti Suman,Batter,Indian,65,72,237 runs; steady middle-order
2009,Deccan Chargers,Rohit Sharma,Batter,Indian,90,82,362 runs; hat-trick with ball; excellent season
2009,Deccan Chargers,Andrew Symonds,All-rounder,Australian,85,85,249 runs in 8 games; match-winner when fit
2009,Deccan Chargers,Venugopal Rao,Batter,Indian,65,68,Useful middle-order contribution
2009,Deccan Chargers,Dwayne Smith,All-rounder,West Indian,72,72,Lower-order all-rounder
2009,Deccan Chargers,RP Singh,Bowler,Indian,80,92,Purple Cap 26 wickets; championship-winning bowler
2009,Deccan Chargers,Pragyan Ojha,Bowler,Indian,78,82,18 wickets; excellent left-arm spin
2009,Deccan Chargers,Harmeet Singh,Bowler,Indian,65,68,Support spinner; decent outing
2009,Deccan Chargers,Ryan Harris,Bowler,Australian,75,72,Overseas pace support
2009,Royal Challengers Bangalore,Kevin Pietersen,Batter,English,88,82,Star signing; powerful top-order bat
2009,Royal Challengers Bangalore,Mark Boucher,WK-Batter,South African,82,75,Steady wicketkeeper
2009,Royal Challengers Bangalore,Jacques Kallis,All-rounder,South African,95,82,Quality contribution; helped RCB reach final
2009,Royal Challengers Bangalore,Virat Kohli,Batter,Indian,99,75,Young; developing; gaining experience
2009,Royal Challengers Bangalore,Ross Taylor,Batter,New Zealander,82,82,81* off 33 balls; match-winning cameos
2009,Royal Challengers Bangalore,Anil Kumble,Bowler (C),Indian,90,78,Captain; guided team to final
2009,Royal Challengers Bangalore,Robin Uthappa,Batter,Indian,80,75,Middle-order contribution
2009,Royal Challengers Bangalore,Dale Steyn,Bowler,South African,95,82,Quality pace; useful spells
2009,Royal Challengers Bangalore,Zaheer Khan,Bowler,Indian,85,78,Left-arm swing; consistent
2009,Royal Challengers Bangalore,Pradeep Sangwan,Bowler,Indian,65,65,Young left-arm pacer
2009,Royal Challengers Bangalore,RE van der Merwe,All-rounder,South African,72,72,Useful left-arm spin all-rounder
2009,Rajasthan Royals,Shane Watson,All-rounder (C),Australian,88,85,Captain after Warne; continued quality
2009,Rajasthan Royals,Graeme Smith,Opener,South African,88,80,Continued from 2008; quality opener
2009,Rajasthan Royals,Yusuf Pathan,All-rounder,Indian,82,82,Continued destructive batting
2009,Rajasthan Royals,Ravindra Jadeja,All-rounder,Indian,90,78,Growing role; showed more
2009,Rajasthan Royals,Naman Ojha,WK-Batter,Indian,70,70,Wicketkeeper option
2009,Rajasthan Royals,Shane Warne,Bowler,Australian,96,80,Less prominent; 11 wickets
2009,Rajasthan Royals,Sohail Tanvir,Bowler,Pakistani,80,82,Continued quality with the ball
2009,Rajasthan Royals,Munaf Patel,Bowler,Indian,72,72,Solid pacer
2009,Rajasthan Royals,Siddharth Trivedi,Bowler,Indian,65,70,Supporting pace
2009,Rajasthan Royals,Swapnil Asnodkar,Opener,Indian,68,72,Debut season; exciting young opener
2009,Rajasthan Royals,Pankaj Singh,Bowler,Indian,65,62,Medium-pace support
2009,Kings XI Punjab,Shaun Marsh,Opener,Australian,83,80,Another solid season; quality opener
2009,Kings XI Punjab,Kumar Sangakkara,WK-Batter,Sri Lankan,94,82,Quality contribution from the maestro
2009,Kings XI Punjab,Yuvraj Singh,Batter,Indian,92,82,Powerful middle-order bat
2009,Kings XI Punjab,Brett Lee,Bowler,Australian,88,80,Quality pace; good spells
2009,Kings XI Punjab,Piyush Chawla,Bowler,Indian,75,75,Reliable leg-spin
2009,Kings XI Punjab,Sreesanth,Bowler,Indian,75,72,Pace and aggression
2009,Kings XI Punjab,Irfan Pathan,All-rounder,Indian,80,75,Useful left-arm and batting
2009,Kings XI Punjab,David Hussey,Batter,Australian,80,78,Useful lower-middle order
2009,Kings XI Punjab,Ramesh Powar,Bowler,Indian,65,65,Off-spin option
2009,Kings XI Punjab,James Hopes,All-rounder,Australian,72,70,Australian all-round support
2009,Kings XI Punjab,Paul Valthaty,Opener,Indian,65,65,Occasional appearances
2009,Mumbai Indians,Sanath Jayasuriya,Opener,Sri Lankan,90,80,Explosive start; continued quality
2009,Mumbai Indians,Sachin Tendulkar,Batter,Indian,99,78,Improved season from 2008
2009,Mumbai Indians,JP Duminy,Batter,South African,78,78,Solid middle-order
2009,Mumbai Indians,Rohit Sharma,Batter,Indian,90,78,Young contributor before DC move
2009,Mumbai Indians,Kieron Pollard,All-rounder,West Indian,88,82,Growing power-hitter
2009,Mumbai Indians,Harbhajan Singh,Bowler,Indian,88,80,Key spinner; still banned for part of season
2009,Mumbai Indians,Lasith Malinga,Bowler,Sri Lankan,93,88,Wicket-taking machine; growing reputation
2009,Mumbai Indians,Zaheer Khan,Bowler,Indian,85,80,Left-arm quality
2009,Mumbai Indians,Ambati Rayudu,Batter,Indian,75,72,Young; minimal appearances
2009,Mumbai Indians,Dwayne Bravo,All-rounder,West Indian,85,80,Useful lower-order all-rounder
2009,Mumbai Indians,Pragyan Ojha,Bowler,Indian,78,70,Spinner; limited appearances
2009,Kolkata Knight Riders,Brendon McCullum,WK-Batter,New Zealander,85,82,Continued quality as opener
2009,Kolkata Knight Riders,Sourav Ganguly,Batter (C),Indian,88,68,Captain; declining form
2009,Kolkata Knight Riders,Chris Gayle,Opener,West Indian,95,85,Destructive top-order threat
2009,Kolkata Knight Riders,Ricky Ponting,Batter,Australian,90,75,Great pedigree; decent KKR stint
2009,Kolkata Knight Riders,Ajit Agarkar,All-rounder,Indian,75,68,Serviceable all-round
2009,Kolkata Knight Riders,David Hussey,Batter,Australian,80,78,Solid middle-order
2009,Kolkata Knight Riders,Murali Kartik,Bowler,Indian,72,72,Left-arm spin; useful
2009,Kolkata Knight Riders,Lakshmipathy Balaji,Bowler,Indian,72,70,Pace support
2009,Kolkata Knight Riders,Ishant Sharma,Bowler,Indian,80,70,Young pace; inconsistent
2009,Kolkata Knight Riders,Andrew Flintoff,All-rounder,English,85,68,Injury limited; minimal impact
2009,Kolkata Knight Riders,Piyush Chawla,Bowler,Indian,75,70,Leg-spin support
2009,Delhi Daredevils,Virender Sehwag,Opener (C),Indian,93,85,Another good season at the top
2009,Delhi Daredevils,Gautam Gambhir,Opener,Indian,87,82,Quality opener; left for KKR after
2009,Delhi Daredevils,AB de Villiers,Batter,South African,97,80,Developing; increased impact
2009,Delhi Daredevils,Shikhar Dhawan,Batter,Indian,88,75,Growing into the role
2009,Delhi Daredevils,Shoaib Malik,All-rounder,Pakistani,78,72,Useful all-round contribution
2009,Delhi Daredevils,Dinesh Karthik,WK-Batter,Indian,80,78,Wicketkeeper-batter; solid
2009,Delhi Daredevils,Tillakaratne Dilshan,Batter,Sri Lankan,82,80,Versatile batting; useful contribution
2009,Delhi Daredevils,Amit Mishra,Bowler,Indian,80,78,Quality leg-spinner
2009,Delhi Daredevils,Pradeep Sangwan,Bowler,Indian,65,68,Young left-arm pacer
2009,Delhi Daredevils,Varun Aaron,Bowler,Indian,70,65,Young rapid pacer
2009,Delhi Daredevils,Morne Morkel,Bowler,South African,82,78,Quality South African pace
2010,Chennai Super Kings,Murali Vijay,Opener,Indian,82,88,Key opener; 11 catches; excellent season
2010,Chennai Super Kings,Matthew Hayden,Opener,Australian,88,85,93* off 43 against DD; still dangerous
2010,Chennai Super Kings,Suresh Raina,Batter,Indian,87,90,520 runs; Orange Cap contender; pivotal
2010,Chennai Super Kings,MS Dhoni,WK-Batter (C),Indian,98,95,Champions; exceptional captain
2010,Chennai Super Kings,Subramaniam Badrinath,Batter,Indian,75,78,Quality middle-order
2010,Chennai Super Kings,Albie Morkel,All-rounder,South African,80,82,Crucial lower-order firepower
2010,Chennai Super Kings,Ravindra Jadeja,All-rounder,Indian,90,82,Growing all-round role
2010,Chennai Super Kings,Ravichandran Ashwin,Bowler,Indian,88,80,Rising spinner; increasingly important
2010,Chennai Super Kings,Muttiah Muralitharan,Bowler,Sri Lankan,95,82,15 wickets; final season for CSK
2010,Chennai Super Kings,Doug Bollinger,Bowler,Australian,80,88,Purple Cap winner; dominant season
2010,Chennai Super Kings,Lakshmipathy Balaji,Bowler,Indian,72,72,Supporting pace option
2010,Mumbai Indians,Sachin Tendulkar,Batter (C),Indian,99,82,Captain; team topped table but lost final
2010,Mumbai Indians,Sanath Jayasuriya,Opener,Sri Lankan,90,75,Final season; fading but still useful
2010,Mumbai Indians,Rohit Sharma,Batter,Indian,90,80,Growing contributor; improving
2010,Mumbai Indians,Ambati Rayudu,Batter,Indian,75,75,Decent middle-order contribution
2010,Mumbai Indians,Kieron Pollard,All-rounder,West Indian,88,85,Power-hitting establishing itself
2010,Mumbai Indians,Harbhajan Singh,Bowler,Indian,88,82,Key spinner; important role
2010,Mumbai Indians,Zaheer Khan,Bowler,Indian,85,82,Left-arm quality; solid season
2010,Mumbai Indians,Lasith Malinga,Bowler,Sri Lankan,93,90,Devastating; tournament's most feared
2010,Mumbai Indians,JP Duminy,Batter,South African,78,78,Middle-order support
2010,Mumbai Indians,Dwayne Bravo,All-rounder,West Indian,85,82,Death over specialist
2010,Mumbai Indians,Munaf Patel,Bowler,Indian,72,72,Pace support option
2010,Delhi Daredevils,Virender Sehwag,Opener (C),Indian,93,88,Destructive form continued
2010,Delhi Daredevils,David Warner,Opener,Australian,93,82,Debut IPL season; showed world-class potential
2010,Delhi Daredevils,AB de Villiers,Batter,South African,97,85,Quality contribution; DD competitive
2010,Delhi Daredevils,Tillakaratne Dilshan,Batter,Sri Lankan,82,80,Versatile top-order threat
2010,Delhi Daredevils,Dinesh Karthik,WK-Batter,Indian,80,78,Keeper-batter; useful
2010,Delhi Daredevils,Amit Mishra,Bowler,Indian,80,82,Quality leg-spinner; increasingly important
2010,Delhi Daredevils,Morne Morkel,Bowler,South African,82,80,Quality pace attack
2010,Delhi Daredevils,Pradeep Sangwan,Bowler,Indian,65,70,Young pacer developing
2010,Delhi Daredevils,Siddharth Trivedi,Bowler,Indian,65,68,Pace support
2010,Delhi Daredevils,Rajat Bhatia,All-rounder,Indian,65,68,Useful domestic all-rounder
2010,Delhi Daredevils,Varun Aaron,Bowler,Indian,70,70,Rapid young pacer
2010,Rajasthan Royals,Shane Watson,All-rounder,Australian,88,90,Orange Cap winner; dominant all-round
2010,Rajasthan Royals,Yusuf Pathan,All-rounder,Indian,82,85,Continued destructive form
2010,Rajasthan Royals,Ravindra Jadeja,All-rounder,Indian,90,78,Growing stature in team
2010,Rajasthan Royals,Ajinkya Rahane,Batter,Indian,82,78,Debut year; quality shown
2010,Rajasthan Royals,Naman Ojha,WK-Batter,Indian,70,70,Regular keeper option
2010,Rajasthan Royals,Shane Warne,Bowler,Australian,96,78,Less dominant; still quality
2010,Rajasthan Royals,Sohail Tanvir,Bowler,Pakistani,80,80,Still effective with the ball
2010,Rajasthan Royals,Munaf Patel,Bowler,Indian,72,72,Reliable pace
2010,Rajasthan Royals,Siddharth Trivedi,Bowler,Indian,65,68,Support pace
2010,Rajasthan Royals,Swapnil Asnodkar,Opener,Indian,68,65,Occasional contribution
2010,Rajasthan Royals,Pankaj Singh,Bowler,Indian,65,60,Backup pace
2010,Kolkata Knight Riders,Gautam Gambhir,Opener (C),Indian,87,85,New captain; rebuilding phase
2010,Kolkata Knight Riders,Chris Gayle,Opener,West Indian,95,85,Destructive top-order; big innings
2010,Kolkata Knight Riders,Jacques Kallis,All-rounder,South African,95,82,Quality all-round contribution
2010,Kolkata Knight Riders,Yusuf Pathan,All-rounder,Indian,82,80,Powerful lower-order
2010,Kolkata Knight Riders,Brendon McCullum,WK-Batter,New Zealander,85,80,Continued quality
2010,Kolkata Knight Riders,Sunil Narine,Bowler,West Indian,92,78,Very early days; developing
2010,Kolkata Knight Riders,Lakshmipathy Balaji,Bowler,Indian,72,72,Pace support
2010,Kolkata Knight Riders,Ishant Sharma,Bowler,Indian,80,72,Pace option; developing
2010,Kolkata Knight Riders,David Hussey,Batter,Australian,80,78,Useful lower-order
2010,Kolkata Knight Riders,Shakib Al Hasan,All-rounder,Bangladeshi,82,80,Valuable spin all-rounder
2010,Kolkata Knight Riders,Piyush Chawla,Bowler,Indian,75,72,Leg-spin support
2010,Kings XI Punjab,Shaun Marsh,Opener,Australian,83,80,Consistent opener; quality maintained
2010,Kings XI Punjab,Kumar Sangakkara,WK-Batter,Sri Lankan,94,82,Quality middle-order maestro
2010,Kings XI Punjab,Yuvraj Singh,Batter,Indian,92,88,Brilliant season; team competitive
2010,Kings XI Punjab,David Hussey,Batter,Australian,80,80,Solid middle-order
2010,Kings XI Punjab,Brett Lee,Bowler,Australian,88,80,Quality pace; still effective
2010,Kings XI Punjab,Piyush Chawla,Bowler,Indian,75,78,Reliable leg-spin
2010,Kings XI Punjab,Sreesanth,Bowler,Indian,75,75,Pace and aggression
2010,Kings XI Punjab,Irfan Pathan,All-rounder,Indian,80,75,Useful left-arm all-rounder
2010,Kings XI Punjab,Paul Valthaty,Opener,Indian,65,65,Occasional burst
2010,Kings XI Punjab,Ramesh Powar,Bowler,Indian,65,65,Spin support
2010,Kings XI Punjab,Mandeep Singh,Batter,Indian,65,62,Young domestic talent
2010,Royal Challengers Bangalore,Virat Kohli,Batter,Indian,99,78,Growing into T20 role; team still poor
2010,Royal Challengers Bangalore,Jacques Kallis,All-rounder,South African,95,82,Quality contribution
2010,Royal Challengers Bangalore,Kevin Pietersen,Batter,English,88,80,Power-hitting in middle-order
2010,Royal Challengers Bangalore,AB de Villiers,WK-Batter,South African,97,85,Increasingly dominant performances
2010,Royal Challengers Bangalore,Mark Boucher,WK-Batter,South African,82,72,Steady behind the stumps
2010,Royal Challengers Bangalore,Tillakaratne Dilshan,Batter,Sri Lankan,82,78,Useful batting
2010,Royal Challengers Bangalore,Dale Steyn,Bowler,South African,95,80,Quality pace
2010,Royal Challengers Bangalore,Zaheer Khan,Bowler,Indian,85,78,Left-arm quality
2010,Royal Challengers Bangalore,Anil Kumble,Bowler,Indian,90,72,Veteran spinner; reduced role
2010,Royal Challengers Bangalore,Murali Kartik,Bowler,Indian,72,70,Spin support
2010,Royal Challengers Bangalore,Pradeep Sangwan,Bowler,Indian,65,65,Young left-arm pacer
2011,Chennai Super Kings,Murali Vijay,Opener,Indian,82,85,Title-winning opener; great season
2011,Chennai Super Kings,Michael Hussey,Batter,Australian,88,90,Clutch player; crucial in back-to-back titles
2011,Chennai Super Kings,Suresh Raina,Batter,Indian,87,92,Outstanding season; back-to-back title key figure
2011,Chennai Super Kings,MS Dhoni,WK-Batter (C),Indian,98,95,Back-to-back champions; exceptional
2011,Chennai Super Kings,Subramaniam Badrinath,Batter,Indian,75,78,Solid middle-order
2011,Chennai Super Kings,Albie Morkel,All-rounder,South African,80,80,Vital lower-order finisher
2011,Chennai Super Kings,Ravindra Jadeja,All-rounder,Indian,90,82,Crucial title contribution
2011,Chennai Super Kings,Ravichandran Ashwin,Bowler,Indian,88,85,Increasingly important spinner
2011,Chennai Super Kings,Dwayne Bravo,All-rounder,West Indian,85,85,Death bowling expert; title key
2011,Chennai Super Kings,Doug Bollinger,Bowler,Australian,80,80,Solid pace option
2011,Chennai Super Kings,Shadab Jakati,Bowler,Indian,68,70,Left-arm spin support
2011,Mumbai Indians,Sachin Tendulkar,Batter (C),Indian,99,80,Iconic presence; team improving
2011,Mumbai Indians,Rohit Sharma,Batter,Indian,90,85,Rising captain; strong year
2011,Mumbai Indians,Kieron Pollard,All-rounder,West Indian,88,88,Explosive finisher; increasingly vital
2011,Mumbai Indians,Ambati Rayudu,Batter,Indian,75,78,Solid middle-order
2011,Mumbai Indians,James Franklin,All-rounder,New Zealander,72,72,Useful left-arm swing all-rounder
2011,Mumbai Indians,Harbhajan Singh,Bowler,Indian,88,82,Key spinner; important role
2011,Mumbai Indians,Lasith Malinga,Bowler,Sri Lankan,93,92,Unplayable; death bowling at its finest
2011,Mumbai Indians,Zaheer Khan,Bowler,Indian,85,80,Left-arm quality
2011,Mumbai Indians,Munaf Patel,Bowler,Indian,72,72,Pace support
2011,Mumbai Indians,Dwayne Bravo,All-rounder,West Indian,85,82,Lower-order impact
2011,Mumbai Indians,Pragyan Ojha,Bowler,Indian,78,72,Spin support option
2011,Royal Challengers Bangalore,Chris Gayle,Opener,West Indian,95,95,608 runs; Orange Cap; record-breaking season
2011,Royal Challengers Bangalore,Virat Kohli,Batter,Indian,99,82,Growing; team reached playoffs
2011,Royal Challengers Bangalore,AB de Villiers,WK-Batter,South African,97,88,World-class; increasingly dominant
2011,Royal Challengers Bangalore,Tillakaratne Dilshan,Batter,Sri Lankan,82,80,Quality top-order support
2011,Royal Challengers Bangalore,Saurabh Tiwary,Batter,Indian,72,75,Powerful young batter
2011,Royal Challengers Bangalore,Rahul Dravid,Batter,Indian,95,65,Final IPL season; below T20 standard
2011,Royal Challengers Bangalore,Daniel Vettori,All-rounder,New Zealander,80,78,Left-arm spin all-rounder
2011,Royal Challengers Bangalore,Dale Steyn,Bowler,South African,95,82,Quality pace; impactful spells
2011,Royal Challengers Bangalore,Zaheer Khan,Bowler,Indian,85,80,Left-arm quality
2011,Royal Challengers Bangalore,Muttiah Muralitharan,Bowler,Sri Lankan,95,72,Kochi Tuskers in 2011; this was his last big T20 season
2011,Royal Challengers Bangalore,Sreenath Aravind,Bowler,Indian,68,70,Young domestic pacer
2011,Kolkata Knight Riders,Gautam Gambhir,Opener (C),Indian,87,88,Culture rebuild; improving trajectory
2011,Kolkata Knight Riders,Jacques Kallis,All-rounder,South African,95,85,Consistent quality contribution
2011,Kolkata Knight Riders,Chris Gayle,Opener,West Indian,95,85,Destructive opening option
2011,Kolkata Knight Riders,Manoj Tiwary,Batter,Indian,72,75,Quality domestic middle-order
2011,Kolkata Knight Riders,Yusuf Pathan,All-rounder,Indian,82,80,Power-hitting still effective
2011,Kolkata Knight Riders,Shakib Al Hasan,All-rounder,Bangladeshi,82,80,Quality spin all-rounder
2011,Kolkata Knight Riders,Sunil Narine,Bowler,West Indian,92,82,First full season; extraordinary economy
2011,Kolkata Knight Riders,Rajat Bhatia,All-rounder,Indian,65,68,Useful domestic all-rounder
2011,Kolkata Knight Riders,Lakshmipathy Balaji,Bowler,Indian,72,70,Pace support
2011,Kolkata Knight Riders,Iqbal Abdulla,Bowler,Indian,65,68,Left-arm spin support
2011,Kolkata Knight Riders,Prasanth Parameswaran,Bowler,Indian,65,65,Domestic pace option
2011,Kochi Tuskers Kerala,Brendon McCullum,WK-Batter,New Zealander,85,82,Aggressive opener; one-season franchise
2011,Kochi Tuskers Kerala,Mahela Jayawardene,Batter,Sri Lankan,92,80,Elegant middle-order; only season
2011,Kochi Tuskers Kerala,Brad Hodge,Batter,Australian,78,75,Middle-order veteran
2011,Kochi Tuskers Kerala,WG Patel,WK-Batter,Indian,65,65,Local wicketkeeper option
2011,Kochi Tuskers Kerala,Muttiah Muralitharan,Bowler,Sri Lankan,95,78,Final IPL stint; franchise's biggest name
2011,Kochi Tuskers Kerala,Ravindra Jadeja,All-rounder,Indian,90,78,Powerful all-round before RR move back
2011,Kochi Tuskers Kerala,Sreenath Aravind,Bowler,Indian,68,70,Young local pacer
2011,Kochi Tuskers Kerala,Prasanth Parameswaran,Bowler,Indian,65,68,Kerala's local hero
2011,Kochi Tuskers Kerala,Scott Styris,All-rounder,New Zealander,75,72,Experienced all-rounder
2011,Kochi Tuskers Kerala,Thisara Perera,All-rounder,Sri Lankan,72,70,Lower-order hit and bowl
2011,Kochi Tuskers Kerala,Rahul Dravid,Batter,Indian,95,65,Brief stint; no fit for T20 format
2011,Pune Warriors India,Sourav Ganguly,Batter (C),Indian,88,68,Final IPL stint; team struggled
2011,Pune Warriors India,Jesse Ryder,Batter,New Zealander,75,72,Powerful bat; limited impact
2011,Pune Warriors India,Yuvraj Singh,Batter,Indian,92,80,Quality middle-order
2011,Pune Warriors India,Marlon Samuels,All-rounder,West Indian,78,72,Useful all-round contribution
2011,Pune Warriors India,Ashish Nehra,Bowler,Indian,78,75,Experienced left-arm pacer
2011,Pune Warriors India,Rahul Dravid,Batter,Indian,95,65,Towards the end; above his best format
2011,Pune Warriors India,Shikhar Dhawan,Opener,Indian,88,78,Developing role
2011,Pune Warriors India,Murali Kartik,Bowler,Indian,72,72,Left-arm spin
2011,Pune Warriors India,Steve Smith,Batter,Australian,95,70,Raw; early IPL days; learning
2011,Pune Warriors India,Michael Clarke,Batter,Australian,88,72,International class; T20 limited outings
2011,Pune Warriors India,Wayne Parnell,Bowler,South African,72,68,Pace support
2011,Deccan Chargers,Adam Gilchrist,WK-Batter (C),Australian,93,78,Declining form; final effective season
2011,Deccan Chargers,Shikhar Dhawan,Opener,Indian,88,82,Emerging opener; strong debut for DC
2011,Deccan Chargers,Andrew Symonds,All-rounder,Australian,85,78,Useful contribution
2011,Deccan Chargers,Rohit Sharma,Batter,Indian,90,82,Final DC season before joining MI
2011,Deccan Chargers,Tirumalasetti Suman,Batter,Indian,65,65,Domestic middle-order
2011,Deccan Chargers,Pragyan Ojha,Bowler,Indian,78,80,21 wickets; quality left-arm spin
2011,Deccan Chargers,RP Singh,Bowler,Indian,80,78,Reliable left-arm pace
2011,Deccan Chargers,Venugopal Rao,Batter,Indian,65,65,Domestic contribution
2011,Deccan Chargers,Vangipurappu Laxman,Batter,Indian,85,65,Declining T20 role
2011,Deccan Chargers,Dale Steyn,Bowler,South African,95,80,Quality pace; impactful spells
2011,Deccan Chargers,Cameron White,Batter,Australian,75,72,Lower-order contribution
2011,Delhi Daredevils,Virender Sehwag,Opener (C),Indian,93,85,Destructive continued form
2011,Delhi Daredevils,David Warner,Opener,Australian,93,85,Growing stature; world-class opening
2011,Delhi Daredevils,AB de Villiers,Batter,South African,97,88,Outstanding; increasingly crucial
2011,Delhi Daredevils,Tillakaratne Dilshan,Batter,Sri Lankan,82,80,Versatile batting contribution
2011,Delhi Daredevils,Naman Ojha,WK-Batter,Indian,70,72,Wicketkeeper option
2011,Delhi Daredevils,Amit Mishra,Bowler,Indian,80,82,Quality leg-spin; important bowler
2011,Delhi Daredevils,Morne Morkel,Bowler,South African,82,80,Pace quality
2011,Delhi Daredevils,Umesh Yadav,Bowler,Indian,80,78,Young Indian pacer; emerging
2011,Delhi Daredevils,Irfan Pathan,All-rounder,Indian,80,75,Useful left-arm all-rounder
2011,Delhi Daredevils,Pawan Negi,Bowler,Indian,65,65,Left-arm spin support
2011,Delhi Daredevils,Venugopal Rao,Batter,Indian,65,65,Occasional middle-order
2011,Rajasthan Royals,Shane Watson,All-rounder (C),Australian,88,85,Captain; continued quality
2011,Rajasthan Royals,Rahul Dravid,Batter,Indian,95,78,Experienced middle-order; better T20 showing
2011,Rajasthan Royals,Ajinkya Rahane,Batter,Indian,82,82,Developing quality; consistent
2011,Rajasthan Royals,Yusuf Pathan,All-rounder,Indian,82,82,Power-hitting continued
2011,Rajasthan Royals,Ravindra Jadeja,All-rounder,Indian,90,82,Brilliant all-round; key Royals asset
2011,Rajasthan Royals,Naman Ojha,WK-Batter,Indian,70,70,Reliable wicketkeeper
2011,Rajasthan Royals,Shane Warne,Bowler,Australian,96,80,Final IPL season; still quality
2011,Rajasthan Royals,Sohail Tanvir,Bowler,Pakistani,80,78,Quality pacer
2011,Rajasthan Royals,Kevon Cooper,All-rounder,West Indian,68,68,Lower-order support
2011,Rajasthan Royals,Pankaj Singh,Bowler,Indian,65,65,Pace support
2011,Rajasthan Royals,Amit Singh,Bowler,Indian,60,60,Domestic pace option
2012,Kolkata Knight Riders,Gautam Gambhir,Opener (C),Indian,87,90,Champions captain; brilliant season
2012,Kolkata Knight Riders,Manvinder Bisla,WK-Batter,Indian,72,88,Final hero; 89* off 48 balls; stunning
2012,Kolkata Knight Riders,Jacques Kallis,All-rounder,South African,95,88,Outstanding; vital to title
2012,Kolkata Knight Riders,Manoj Tiwary,Batter,Indian,72,78,Quality middle-order contribution
2012,Kolkata Knight Riders,Yusuf Pathan,All-rounder,Indian,82,80,Powerful lower-order
2012,Kolkata Knight Riders,Ryan ten Doeschate,All-rounder,Dutch,75,72,Useful lower-order all-rounder
2012,Kolkata Knight Riders,Shakib Al Hasan,All-rounder,Bangladeshi,82,82,Quality spin and batting
2012,Kolkata Knight Riders,Sunil Narine,Bowler,West Indian,92,95,Debut Purple Cap; unplayable mystery spin
2012,Kolkata Knight Riders,Rajat Bhatia,All-rounder,Indian,65,68,Useful domestic all-rounder
2012,Kolkata Knight Riders,Lakshmipathy Balaji,Bowler,Indian,72,72,Pace support; 4/18 in key match
2012,Kolkata Knight Riders,Brett Lee,Bowler,Australian,88,80,Quality overseas pacer; solid contribution
2012,Chennai Super Kings,Murali Vijay,Opener,Indian,82,85,Consistent opener; team reached final again
2012,Chennai Super Kings,Michael Hussey,Batter,Australian,88,88,Quality contribution; runners-up
2012,Chennai Super Kings,Suresh Raina,Batter,Indian,87,88,Consistent performer; always reliable
2012,Chennai Super Kings,MS Dhoni,WK-Batter (C),Indian,98,90,Third consecutive final; dominant leader
2012,Chennai Super Kings,Subramaniam Badrinath,Batter,Indian,75,75,Middle-order support
2012,Chennai Super Kings,Dwayne Bravo,All-rounder,West Indian,85,85,Death bowling and hitting specialist
2012,Chennai Super Kings,Albie Morkel,All-rounder,South African,80,78,Lower-order role
2012,Chennai Super Kings,Ravichandran Ashwin,Bowler,Indian,88,85,Key spinner; increasingly dominant
2012,Chennai Super Kings,Ravindra Jadeja,All-rounder,Indian,90,85,Brilliant all-round; crucial
2012,Chennai Super Kings,Doug Bollinger,Bowler,Australian,80,78,Pace support
2012,Chennai Super Kings,Chris Morris,Bowler,South African,78,72,Pace support from South Africa
2012,Mumbai Indians,Rohit Sharma,Batter (C),Indian,90,85,New captain; MI becoming a force
2012,Mumbai Indians,Sachin Tendulkar,Batter,Indian,99,80,Iconic; decent season
2012,Mumbai Indians,Kieron Pollard,All-rounder,West Indian,88,88,Explosive finisher; key role
2012,Mumbai Indians,Ambati Rayudu,Batter,Indian,75,78,Solid middle-order
2012,Mumbai Indians,James Franklin,All-rounder,New Zealander,72,72,Useful left-arm swing
2012,Mumbai Indians,Harbhajan Singh,Bowler,Indian,88,82,Important spinner
2012,Mumbai Indians,Lasith Malinga,Bowler,Sri Lankan,93,90,Still among the best death bowlers
2012,Mumbai Indians,Zaheer Khan,Bowler,Indian,85,80,Left-arm quality
2012,Mumbai Indians,Dwayne Bravo,All-rounder,West Indian,85,85,Death over specialist
2012,Mumbai Indians,Hardik Pandya,All-rounder,Indian,88,65,Debut; raw young talent
2012,Mumbai Indians,Ricky Ponting,Batter,Australian,90,72,Veteran presence; limited impact
2012,Royal Challengers Bangalore,Chris Gayle,Opener,West Indian,95,98,733 runs including 175*; historic season
2012,Royal Challengers Bangalore,Virat Kohli,Batter,Indian,99,88,Strong year; RCB competitive
2012,Royal Challengers Bangalore,AB de Villiers,WK-Batter,South African,97,90,World-class performances
2012,Royal Challengers Bangalore,Tillakaratne Dilshan,Batter,Sri Lankan,82,78,Top-order support
2012,Royal Challengers Bangalore,Saurabh Tiwary,Batter,Indian,72,72,Middle-order power-hitter
2012,Royal Challengers Bangalore,Daniel Vettori,All-rounder,New Zealander,80,78,Left-arm spin all-rounder
2012,Royal Challengers Bangalore,Zaheer Khan,Bowler,Indian,85,80,Left-arm quality
2012,Royal Challengers Bangalore,Dale Steyn,Bowler,South African,95,82,Quality pace
2012,Royal Challengers Bangalore,Muttiah Muralitharan,Bowler,Sri Lankan,95,72,Final effective season
2012,Royal Challengers Bangalore,Ravi Rampaul,Bowler,West Indian,72,72,Caribbean pace support
2012,Royal Challengers Bangalore,Sreenath Aravind,Bowler,Indian,68,68,Young local pacer
2012,Delhi Daredevils,Virender Sehwag,Opener (C),Indian,93,82,Quality opener; team competitive
2012,Delhi Daredevils,David Warner,Opener,Australian,93,88,Dominant form continuing
2012,Delhi Daredevils,AB de Villiers,Batter,South African,97,85,World-class contribution
2012,Delhi Daredevils,Naman Ojha,WK-Batter,Indian,70,70,Reliable wicketkeeper
2012,Delhi Daredevils,Kevin Pietersen,Batter,English,88,78,Quality middle-order
2012,Delhi Daredevils,Amit Mishra,Bowler,Indian,80,82,Quality leg-spin
2012,Delhi Daredevils,Morne Morkel,Bowler,South African,82,80,Quality pace
2012,Delhi Daredevils,Umesh Yadav,Bowler,Indian,80,80,Improving young pacer
2012,Delhi Daredevils,Rajat Bhatia,All-rounder,Indian,65,68,Domestic support
2012,Delhi Daredevils,Irfan Pathan,All-rounder,Indian,80,72,Left-arm all-rounder
2012,Delhi Daredevils,Ashish Nehra,Bowler,Indian,78,75,Left-arm swing; experienced
2012,Kings XI Punjab,David Hussey,Batter (C),Australian,80,78,Captain; solid if unspectacular
2012,Kings XI Punjab,Mandeep Singh,Batter,Indian,65,70,Young domestic opener
2012,Kings XI Punjab,Piyush Chawla,Bowler,Indian,75,78,Quality leg-spin
2012,Kings XI Punjab,Paul Valthaty,Opener,Indian,65,72,Explosive season including a century
2012,Kings XI Punjab,Azhar Mahmood,All-rounder,Pakistani,72,72,Experienced all-rounder
2012,Kings XI Punjab,Adam Gilchrist,WK-Batter,Australian,93,72,Declining; useful experience
2012,Kings XI Punjab,Brett Lee,Bowler,Australian,88,78,Quality pace
2012,Kings XI Punjab,Shaun Marsh,Opener,Australian,83,80,Quality opener continued
2012,Kings XI Punjab,Angelo Mathews,All-rounder,Sri Lankan,82,78,Quality all-rounder
2012,Kings XI Punjab,Peter Trego,All-rounder,English,65,65,Support role
2012,Kings XI Punjab,Praveen Kumar,Bowler,Indian,72,72,Left-arm swing pacer
2012,Rajasthan Royals,Rahul Dravid,Batter (C),Indian,95,80,Steady captain; team solid
2012,Rajasthan Royals,Ajinkya Rahane,Batter,Indian,82,82,Quality opening contribution
2012,Rajasthan Royals,Shane Watson,All-rounder,Australian,88,85,Continued quality all-round
2012,Rajasthan Royals,Yusuf Pathan,All-rounder,Indian,82,82,Power-hitting remained
2012,Rajasthan Royals,Ravindra Jadeja,All-rounder,Indian,90,82,Key all-round asset
2012,Rajasthan Royals,Naman Ojha,WK-Batter,Indian,70,70,Wicketkeeper option
2012,Rajasthan Royals,Sohail Tanvir,Bowler,Pakistani,80,78,Quality pace
2012,Rajasthan Royals,Brad Hodge,Batter,Australian,78,72,Middle-order support
2012,Rajasthan Royals,Stuart Binny,All-rounder,Indian,68,70,Domestic all-rounder
2012,Rajasthan Royals,Ashok Menaria,Batter,Indian,60,62,Domestic option
2012,Rajasthan Royals,Kevon Cooper,All-rounder,West Indian,68,68,Support all-rounder
2012,Deccan Chargers,Shikhar Dhawan,Opener,Indian,88,82,Final DC season; strong personal form
2012,Deccan Chargers,Adam Gilchrist,WK-Batter (C),Australian,93,72,Declined significantly; final season
2012,Deccan Chargers,Andrew Symonds,All-rounder,Australian,85,72,Final IPL season; well below peak
2012,Deccan Chargers,Bharat Chipli,Batter,Indian,62,65,Domestic middle-order
2012,Deccan Chargers,RP Singh,Bowler,Indian,80,75,Reliable pacer still contributing
2012,Deccan Chargers,Pragyan Ojha,Bowler,Indian,78,78,Solid left-arm spinner
2012,Deccan Chargers,Dale Steyn,Bowler,South African,95,78,Quality but team struggled
2012,Deccan Chargers,Cameron White,Batter,Australian,75,70,Solid if unspectacular
2012,Deccan Chargers,Anand Rajan,Bowler,Indian,60,60,Domestic pace option
2012,Deccan Chargers,Amit Mishra,Bowler,Indian,80,75,Leg-spin quality
2012,Deccan Chargers,Johan Botha,Bowler,South African,65,65,Off-spin support
2013,Mumbai Indians,Rohit Sharma,Batter (C),Indian,90,90,First IPL title as captain; dominant
2013,Mumbai Indians,Dwayne Smith,Opener,West Indian,72,78,Explosive overseas opener; great start
2013,Mumbai Indians,Dinesh Karthik,WK-Batter,Indian,80,80,Quality middle-order keeper-batter
2013,Mumbai Indians,Sachin Tendulkar,Batter,Indian,99,80,Iconic last full season; gave good contributions
2013,Mumbai Indians,Ambati Rayudu,Batter,Indian,75,78,Steady middle-order
2013,Mumbai Indians,Kieron Pollard,All-rounder,West Indian,88,90,Explosive finisher; title hero
2013,Mumbai Indians,Dwayne Bravo,All-rounder,West Indian,85,88,Purple Cap winner; 32 wickets; death bowling expert
2013,Mumbai Indians,Harbhajan Singh,Bowler,Indian,88,80,Key spinner
2013,Mumbai Indians,Lasith Malinga,Bowler,Sri Lankan,93,92,Still the gold standard for death bowling
2013,Mumbai Indians,Zaheer Khan,Bowler,Indian,85,80,Left-arm quality
2013,Mumbai Indians,Pragyan Ojha,Bowler,Indian,78,75,Spin support
2013,Chennai Super Kings,Murali Vijay,Opener,Indian,82,82,Consistent opener
2013,Chennai Super Kings,Michael Hussey,Batter,Australian,88,88,Orange Cap winner; extraordinary 733 runs
2013,Chennai Super Kings,Suresh Raina,Batter,Indian,87,88,Consistent performer
2013,Chennai Super Kings,MS Dhoni,WK-Batter (C),Indian,98,90,Runners-up; still elite captain
2013,Chennai Super Kings,Subramaniam Badrinath,Batter,Indian,75,72,Solid middle-order
2013,Chennai Super Kings,Dwayne Bravo,All-rounder,West Indian,85,88,Death bowling and hitting
2013,Chennai Super Kings,Ravindra Jadeja,All-rounder,Indian,90,85,Quality contribution
2013,Chennai Super Kings,Ravichandran Ashwin,Bowler,Indian,88,85,Key spinner
2013,Chennai Super Kings,Albie Morkel,All-rounder,South African,80,78,Useful lower-order
2013,Chennai Super Kings,Chris Morris,Bowler,South African,78,75,Pace support
2013,Chennai Super Kings,Mohit Sharma,Bowler,Indian,75,78,Emerging quality; future Purple Cap
2013,Sunrisers Hyderabad,Shikhar Dhawan,Opener,Indian,88,90,500+ runs; first SRH season; brilliant
2013,Sunrisers Hyderabad,Parthiv Patel,WK-Batter,Indian,72,72,Wicketkeeper opener
2013,Sunrisers Hyderabad,Darren Sammy,All-rounder (C),West Indian,75,75,Captain of new franchise
2013,Sunrisers Hyderabad,Cameron White,Batter,Australian,75,72,Middle-order veteran
2013,Sunrisers Hyderabad,Thisara Perera,All-rounder,Sri Lankan,72,70,Lower-order all-rounder
2013,Sunrisers Hyderabad,Rashid Khan,Bowler,Afghan,92,78,Very early days; raw talent
2013,Sunrisers Hyderabad,Bhuvneshwar Kumar,Bowler,Indian,88,82,Quality swing bowling emerging
2013,Sunrisers Hyderabad,Ishant Sharma,Bowler,Indian,80,72,Pace support option
2013,Sunrisers Hyderabad,Dale Steyn,Bowler,South African,95,82,Quality; team still finding footing
2013,Sunrisers Hyderabad,Amit Mishra,Bowler,Indian,80,80,Quality leg-spin
2013,Sunrisers Hyderabad,Quinton de Kock,WK-Batter,South African,88,72,Very early career; developing
2013,Kolkata Knight Riders,Gautam Gambhir,Opener (C),Indian,87,85,Consistent captain
2013,Kolkata Knight Riders,Robin Uthappa,Opener,Indian,80,82,Quality opener contribution
2013,Kolkata Knight Riders,Jacques Kallis,All-rounder,South African,95,85,Continued excellence
2013,Kolkata Knight Riders,Yusuf Pathan,All-rounder,Indian,82,78,Power-hitting
2013,Kolkata Knight Riders,Manish Pandey,Batter,Indian,80,82,Maiden IPL century; breakthrough season
2013,Kolkata Knight Riders,Ryan ten Doeschate,All-rounder,Dutch,75,72,Lower-order support
2013,Kolkata Knight Riders,Shakib Al Hasan,All-rounder,Bangladeshi,82,80,Quality spin and batting
2013,Kolkata Knight Riders,Sunil Narine,Bowler,West Indian,92,92,Elite mystery spinner; best weapon
2013,Kolkata Knight Riders,Rajat Bhatia,All-rounder,Indian,65,65,Useful domestic contribution
2013,Kolkata Knight Riders,Morne Morkel,Bowler,South African,82,78,Quality overseas pace
2013,Kolkata Knight Riders,Brett Lee,Bowler,Australian,88,78,Experienced Australian pace
2013,Royal Challengers Bangalore,Chris Gayle,Opener,West Indian,95,90,Another big season; consistent force
2013,Royal Challengers Bangalore,Virat Kohli,Batter,Indian,99,88,Quality but team underperformed
2013,Royal Challengers Bangalore,AB de Villiers,WK-Batter,South African,97,90,Brilliant season for RCB
2013,Royal Challengers Bangalore,Saurabh Tiwary,Batter,Indian,72,70,Middle-order contribution
2013,Royal Challengers Bangalore,Jesse Ryder,Batter,New Zealander,75,72,Powerful bat
2013,Royal Challengers Bangalore,Daniel Vettori,All-rounder,New Zealander,80,75,Left-arm spin all-rounder
2013,Royal Challengers Bangalore,Zaheer Khan,Bowler,Indian,85,78,Left-arm quality
2013,Royal Challengers Bangalore,Muttiah Muralitharan,Bowler,Sri Lankan,95,68,Final IPL year; declining
2013,Royal Challengers Bangalore,Ravi Rampaul,Bowler,West Indian,72,70,Caribbean pace support
2013,Royal Challengers Bangalore,Murali Kartik,Bowler,Indian,72,68,Left-arm spin
2013,Royal Challengers Bangalore,Vinay Kumar,Bowler,Indian,70,68,Domestic pacer
2013,Rajasthan Royals,Ajinkya Rahane,Batter,Indian,82,85,Quality opening contribution
2013,Rajasthan Royals,Shane Watson,All-rounder (C),Australian,88,85,Captain; continued all-round quality
2013,Rajasthan Royals,Yusuf Pathan,All-rounder,Indian,82,82,Powerful batting
2013,Rajasthan Royals,James Faulkner,All-rounder,Australian,80,90,Superb season; match-winner with bat and ball
2013,Rajasthan Royals,Sanju Samson,WK-Batter,Indian,85,78,Debut year; showed brilliant talent
2013,Rajasthan Royals,Kevon Cooper,All-rounder,West Indian,68,68,Lower-order support
2013,Rajasthan Royals,Stuart Binny,All-rounder,Indian,68,72,Useful domestic all-rounder
2013,Rajasthan Royals,Rahul Dravid,Batter,Indian,95,72,Final IPL stint
2013,Rajasthan Royals,Dhawal Kulkarni,Bowler,Indian,65,70,Pace support
2013,Rajasthan Royals,Siddharth Trivedi,Bowler,Indian,65,68,Pace support
2013,Rajasthan Royals,Pravin Tambe,Bowler,Indian,65,68,Leg-spin support
2013,Pune Warriors India,Aaron Finch,Opener,Australian,80,75,Quality opener; team struggling
2013,Pune Warriors India,Steve Smith,Batter,Australian,95,72,Team in disarray; limited impact
2013,Pune Warriors India,Marlon Samuels,All-rounder,West Indian,78,70,Useful contribution
2013,Pune Warriors India,Angelo Mathews,All-rounder (C),Sri Lankan,82,78,Captain; quality all-rounder
2013,Pune Warriors India,Yuvraj Singh,Batter,Indian,92,80,Quality; team below par
2013,Pune Warriors India,Robin Uthappa,Batter,Indian,80,75,Decent contribution
2013,Pune Warriors India,Wayne Parnell,Bowler,South African,72,70,Pace support
2013,Pune Warriors India,Ashish Nehra,Bowler,Indian,78,72,Left-arm swing
2013,Pune Warriors India,Ashok Dinda,Bowler,Indian,68,68,Domestic pace option
2013,Pune Warriors India,Murali Kartik,Bowler,Indian,72,65,Spin support
2013,Pune Warriors India,Manpreet Gony,Bowler,Indian,65,62,Support pace option
2014,Kolkata Knight Riders,Robin Uthappa,Opener,Indian,80,95,Orange Cap winner with 660 runs; extraordinary
2014,Kolkata Knight Riders,Gautam Gambhir,Opener (C),Indian,87,88,Back-to-back champions captain
2014,Kolkata Knight Riders,Jacques Kallis,All-rounder,South African,95,88,Outstanding; title key contribution
2014,Kolkata Knight Riders,Yusuf Pathan,All-rounder,Indian,82,80,Power-hitting; useful
2014,Kolkata Knight Riders,Manish Pandey,Batter,Indian,80,85,Quality middle-order
2014,Kolkata Knight Riders,Ryan ten Doeschate,All-rounder,Dutch,75,72,Useful lower-order
2014,Kolkata Knight Riders,Shakib Al Hasan,All-rounder,Bangladeshi,82,80,Quality spin all-rounder
2014,Kolkata Knight Riders,Sunil Narine,Bowler,West Indian,92,92,Elite mystery spin; key weapon
2014,Kolkata Knight Riders,Umesh Yadav,Bowler,Indian,80,80,Quality pace contribution
2014,Kolkata Knight Riders,Morne Morkel,Bowler,South African,82,80,Quality overseas pace
2014,Kolkata Knight Riders,Piyush Chawla,Bowler,Indian,75,72,Leg-spin support
2014,Kings XI Punjab,Glenn Maxwell,All-rounder,Australian,90,95,552 runs; Orange Cap; extraordinary all-round season
2014,Kings XI Punjab,Virender Sehwag,Opener (C),Indian,93,80,Captain; declining but still quality
2014,Kings XI Punjab,Shaun Marsh,Batter,Australian,83,80,Quality middle-order batter
2014,Kings XI Punjab,David Miller,Batter,South African,82,85,Power-hitting; crucial in run to final
2014,Kings XI Punjab,Wriddhiman Saha,WK-Batter,Indian,72,78,Quality wicketkeeper; decent batting
2014,Kings XI Punjab,Mitchell Johnson,Bowler,Australian,90,88,Purple Cap contender; pace destroyer
2014,Kings XI Punjab,Mohit Sharma,Bowler,Indian,75,88,Purple Cap winner with 23 wickets
2014,Kings XI Punjab,Piyush Chawla,Bowler,Indian,75,78,Quality leg-spin
2014,Kings XI Punjab,Karanveer Singh,Bowler,Indian,65,65,Domestic pace option
2014,Kings XI Punjab,Sandeep Sharma,Bowler,Indian,70,72,Young swing bowler emerging
2014,Kings XI Punjab,Vikas Tokas,Bowler,Indian,60,60,Domestic support option
2014,Chennai Super Kings,Murali Vijay,Opener,Indian,82,85,Consistent; team competitive
2014,Chennai Super Kings,Michael Hussey,Batter,Australian,88,82,Quality middle-order
2014,Chennai Super Kings,Suresh Raina,Batter,Indian,87,88,Orange Cap contender; consistent
2014,Chennai Super Kings,MS Dhoni,WK-Batter (C),Indian,98,90,Consistent runners-up; elite leader
2014,Chennai Super Kings,Subramaniam Badrinath,Batter,Indian,75,72,Solid support
2014,Chennai Super Kings,Dwayne Bravo,All-rounder,West Indian,85,88,Death bowling and hitting; crucial
2014,Chennai Super Kings,Ravindra Jadeja,All-rounder,Indian,90,85,Quality all-round
2014,Chennai Super Kings,Ravichandran Ashwin,Bowler,Indian,88,85,Key spinner
2014,Chennai Super Kings,Mohit Sharma,Bowler,Indian,75,78,Quality pace
2014,Chennai Super Kings,Jason Holder,All-rounder,West Indian,78,72,Useful lower-order all-rounder
2014,Chennai Super Kings,Chris Morris,Bowler,South African,78,72,Pace support
2014,Mumbai Indians,Rohit Sharma,Batter (C),Indian,90,82,Defending champions; solid season
2014,Mumbai Indians,Michael Hussey,Batter,Australian,88,80,Quality contribution
2014,Mumbai Indians,Ambati Rayudu,Batter,Indian,75,78,Solid middle-order
2014,Mumbai Indians,Kieron Pollard,All-rounder,West Indian,88,85,Explosive finisher
2014,Mumbai Indians,Corey Anderson,All-rounder,New Zealander,75,78,Power-hitting all-rounder; solid debut
2014,Mumbai Indians,Harbhajan Singh,Bowler,Indian,88,80,Key spinner
2014,Mumbai Indians,Lasith Malinga,Bowler,Sri Lankan,93,90,Still elite death bowling
2014,Mumbai Indians,Mitchell Johnson,Bowler,Australian,90,82,Pace and aggression
2014,Mumbai Indians,Pragyan Ojha,Bowler,Indian,78,72,Spin support
2014,Mumbai Indians,Dwayne Smith,Opener,West Indian,72,72,Explosive opener
2014,Mumbai Indians,Josh Hazlewood,Bowler,Australian,88,78,Young Australian pacer emerging
2014,Royal Challengers Bangalore,Virat Kohli,Batter (C),Indian,99,88,Quality season; developing leadership
2014,Royal Challengers Bangalore,Chris Gayle,Opener,West Indian,95,90,Big season continued
2014,Royal Challengers Bangalore,AB de Villiers,WK-Batter,South African,97,95,Spectacular 133* off 59; world-class
2014,Royal Challengers Bangalore,Yuvraj Singh,Batter,Indian,92,80,Quality addition
2014,Royal Challengers Bangalore,Mandeep Singh,Batter,Indian,65,68,Young domestic option
2014,Royal Challengers Bangalore,Daniel Vettori,All-rounder,New Zealander,80,75,Left-arm spin all-rounder
2014,Royal Challengers Bangalore,Zaheer Khan,Bowler,Indian,85,78,Left-arm quality
2014,Royal Challengers Bangalore,Dale Steyn,Bowler,South African,95,80,Quality pace
2014,Royal Challengers Bangalore,Yuzvendra Chahal,Bowler,Indian,88,78,Emerging leg-spinner; growing role
2014,Royal Challengers Bangalore,Varun Aaron,Bowler,Indian,70,68,Rapid pacer
2014,Royal Challengers Bangalore,Ravi Rampaul,Bowler,West Indian,72,70,Caribbean pace support
2014,Delhi Daredevils,Virender Sehwag,Opener,Indian,93,80,Quality opener; team competitive
2014,Delhi Daredevils,David Warner,Opener (C),Australian,93,88,Dominant form; captain briefly
2014,Delhi Daredevils,Kevin Pietersen,Batter,English,88,80,Quality middle-order
2014,Delhi Daredevils,JP Duminy,Batter,South African,78,78,Reliable middle-order
2014,Delhi Daredevils,Shreyas Iyer,Batter,Indian,85,72,Very early career; debut season
2014,Delhi Daredevils,Amit Mishra,Bowler,Indian,80,82,Quality leg-spin
2014,Delhi Daredevils,Morne Morkel,Bowler,South African,82,80,Quality pace
2014,Delhi Daredevils,Umesh Yadav,Bowler,Indian,80,80,Improving pacer
2014,Delhi Daredevils,Quinton de Kock,WK-Batter,South African,88,80,Explosive young opener
2014,Delhi Daredevils,Albie Morkel,All-rounder,South African,80,72,Experienced all-rounder
2014,Delhi Daredevils,Nathan Coulter-Nile,Bowler,Australian,75,72,Australian pace support
2014,Rajasthan Royals,Ajinkya Rahane,Batter (C),Indian,82,85,Quality captain; solid contribution
2014,Rajasthan Royals,Shane Watson,All-rounder,Australian,88,82,Quality all-round season
2014,Rajasthan Royals,Sanju Samson,WK-Batter,Indian,85,82,Growing talent; increasingly important
2014,Rajasthan Royals,Steve Smith,Batter,Australian,95,82,Quality contribution; growing role
2014,Rajasthan Royals,James Faulkner,All-rounder,Australian,80,82,Continued quality all-round
2014,Rajasthan Royals,Yusuf Pathan,All-rounder,Indian,82,78,Useful power-hitting
2014,Rajasthan Royals,Pravin Tambe,Bowler,Indian,65,72,Mature spinner; effective
2014,Rajasthan Royals,Dhawal Kulkarni,Bowler,Indian,65,70,Pace support
2014,Rajasthan Royals,Chris Morris,Bowler,South African,78,75,Pace support
2014,Rajasthan Royals,Kevon Cooper,All-rounder,West Indian,68,65,Lower-order support
2014,Rajasthan Royals,Kamlesh Nagarkoti,Bowler,Indian,65,60,Young domestic talent
2014,Sunrisers Hyderabad,Shikhar Dhawan,Opener,Indian,88,88,Consistent opener
2014,Sunrisers Hyderabad,Aaron Finch,Opener,Australian,80,80,Quality overseas opener
2014,Sunrisers Hyderabad,David Warner,Opener,Australian,93,90,Orange Cap dominant form
2014,Sunrisers Hyderabad,Darren Sammy,All-rounder (C),West Indian,75,72,Captain; useful all-round
2014,Sunrisers Hyderabad,Thisara Perera,All-rounder,Sri Lankan,72,70,Power-hitting lower-order
2014,Sunrisers Hyderabad,Bhuvneshwar Kumar,Bowler,Indian,88,85,Quality swing bowling
2014,Sunrisers Hyderabad,Dale Steyn,Bowler,South African,95,82,World-class pace
2014,Sunrisers Hyderabad,Amit Mishra,Bowler,Indian,80,80,Quality leg-spin
2014,Sunrisers Hyderabad,Ashish Nehra,Bowler,Indian,78,75,Left-arm swing veteran
2014,Sunrisers Hyderabad,Pragyan Ojha,Bowler,Indian,78,72,Left-arm spin support
2014,Sunrisers Hyderabad,Moises Henriques,All-rounder,Australian,72,70,Useful all-round support
2015,Mumbai Indians,Rohit Sharma,Batter (C),Indian,90,90,Back-to-back champion captain; dominant
2015,Mumbai Indians,Lendl Simmons,Opener,West Indian,75,82,Explosive debut season for MI
2015,Mumbai Indians,Ambati Rayudu,Batter,Indian,75,78,Steady middle-order
2015,Mumbai Indians,Kieron Pollard,All-rounder,West Indian,88,88,Clutch finisher; title contribution
2015,Mumbai Indians,Hardik Pandya,All-rounder,Indian,88,78,Breakout season; raw but talented
2015,Mumbai Indians,Corey Anderson,All-rounder,New Zealander,75,78,Power-hitting all-rounder
2015,Mumbai Indians,Harbhajan Singh,Bowler,Indian,88,80,Key spinner
2015,Mumbai Indians,Lasith Malinga,Bowler,Sri Lankan,93,90,Still elite; ageing but impactful
2015,Mumbai Indians,Dwayne Bravo,All-rounder,West Indian,85,88,Purple Cap; 26 wickets; death-over specialist
2015,Mumbai Indians,Mitchell McClenaghan,Bowler,New Zealander,78,78,Quality left-arm pace
2015,Mumbai Indians,Kyle Abbott,Bowler,South African,72,72,Pace support from South Africa
2015,Chennai Super Kings,Brendon McCullum,WK-Batter,New Zealander,85,85,Destructive opener; strong season
2015,Chennai Super Kings,Dwayne Smith,Opener,West Indian,72,75,Explosive opening partner
2015,Chennai Super Kings,Suresh Raina,Batter,Indian,87,88,Ever-reliable; stalwart contributor
2015,Chennai Super Kings,MS Dhoni,WK-Batter (C),Indian,98,88,Runners-up; still among the elite
2015,Chennai Super Kings,Michael Hussey,Batter,Australian,88,82,Quality contribution; final season
2015,Chennai Super Kings,Dwayne Bravo,All-rounder,West Indian,85,85,Death bowling and hitting; crucial
2015,Chennai Super Kings,Ravindra Jadeja,All-rounder,Indian,90,88,Quality all-round
2015,Chennai Super Kings,Ravichandran Ashwin,Bowler,Indian,88,85,Key spinner
2015,Chennai Super Kings,Mohit Sharma,Bowler,Indian,75,78,Quality pace
2015,Chennai Super Kings,Ashish Nehra,Bowler,Indian,78,78,Left-arm swing; effective
2015,Chennai Super Kings,Dirk Nannes,Bowler,Australian,70,68,Pace support
2015,Royal Challengers Bangalore,Chris Gayle,Opener,West Indian,95,88,Still destructive; consistent force
2015,Royal Challengers Bangalore,Virat Kohli,Batter (C),Indian,99,88,Strong season; RCB competitive
2015,Royal Challengers Bangalore,AB de Villiers,WK-Batter,South African,97,94,Astonishing; among best performers
2015,Royal Challengers Bangalore,KL Rahul,Batter,Indian,88,82,Developing into top-order quality
2015,Royal Challengers Bangalore,Sarfaraz Khan,Batter,Indian,72,75,Young power-hitter; emerging
2015,Royal Challengers Bangalore,Shane Watson,All-rounder,Australian,88,80,Quality all-round addition
2015,Royal Challengers Bangalore,Daniel Vettori,All-rounder,New Zealander,80,72,Left-arm spin all-rounder
2015,Royal Challengers Bangalore,Yuzvendra Chahal,Bowler,Indian,88,82,Growing leg-spin; increasingly important
2015,Royal Challengers Bangalore,Dale Steyn,Bowler,South African,95,78,Quality pace; injury impacted
2015,Royal Challengers Bangalore,Chris Jordan,Bowler,English,72,72,Pace support
2015,Royal Challengers Bangalore,Harshal Patel,Bowler,Indian,75,70,Young pacer developing
2015,Kolkata Knight Riders,Robin Uthappa,Opener,Indian,80,82,Continued quality opening
2015,Kolkata Knight Riders,Gautam Gambhir,Opener (C),Indian,87,85,Consistent captain; solid season
2015,Kolkata Knight Riders,Andre Russell,All-rounder,West Indian,90,82,Growing explosive lower-order
2015,Kolkata Knight Riders,Yusuf Pathan,All-rounder,Indian,82,78,Useful contribution
2015,Kolkata Knight Riders,Manish Pandey,Batter,Indian,80,82,Quality middle-order
2015,Kolkata Knight Riders,Suryakumar Yadav,Batter,Indian,90,78,Developing stature in MI; visiting KKR
2015,Kolkata Knight Riders,Sunil Narine,Bowler,West Indian,92,90,Elite; remodelled as opener too
2015,Kolkata Knight Riders,Shakib Al Hasan,All-rounder,Bangladeshi,82,80,Quality spin and batting
2015,Kolkata Knight Riders,Piyush Chawla,Bowler,Indian,75,72,Leg-spin support
2015,Kolkata Knight Riders,Umesh Yadav,Bowler,Indian,80,80,Quality pace
2015,Kolkata Knight Riders,Morne Morkel,Bowler,South African,82,78,Quality overseas pace
2015,Rajasthan Royals,Ajinkya Rahane,Batter,Indian,82,85,Quality opener; solid captain performance
2015,Rajasthan Royals,Shane Watson,All-rounder (C),Australian,88,85,Captain; consistent all-round
2015,Rajasthan Royals,Sanju Samson,WK-Batter,Indian,85,82,Growing importance; quality keeper-batter
2015,Rajasthan Royals,Steve Smith,Batter,Australian,95,82,New captain role; decent season
2015,Rajasthan Royals,James Faulkner,All-rounder,Australian,80,80,Continued all-round quality
2015,Rajasthan Royals,Steven Smith,Batter,Australian,95,80,Quality batting
2015,Rajasthan Royals,Pravin Tambe,Bowler,Indian,65,72,Effective spinner
2015,Rajasthan Royals,Dhawal Kulkarni,Bowler,Indian,65,70,Pace support
2015,Rajasthan Royals,Deepak Hooda,All-rounder,Indian,72,72,Young domestic all-rounder
2015,Rajasthan Royals,Tim Southee,Bowler,New Zealander,80,75,Quality overseas pacer
2015,Rajasthan Royals,Ankit Sharma,All-rounder,Indian,62,62,Domestic support
2015,Sunrisers Hyderabad,David Warner,Opener (C),Australian,93,90,Orange Cap winner; dominant
2015,Sunrisers Hyderabad,Shikhar Dhawan,Opener,Indian,88,82,Quality opening partner
2015,Sunrisers Hyderabad,Aaron Finch,Batter,Australian,80,78,Useful batting contribution
2015,Sunrisers Hyderabad,Kane Williamson,Batter,New Zealander,90,82,Crucial middle-order anchor
2015,Sunrisers Hyderabad,Eoin Morgan,Batter,English,82,75,Quality bat; useful contribution
2015,Sunrisers Hyderabad,Bhuvneshwar Kumar,Bowler,Indian,88,88,Quality swing bowling
2015,Sunrisers Hyderabad,Rashid Khan,Bowler,Afghan,92,82,Developing; showing world-class potential
2015,Sunrisers Hyderabad,Amit Mishra,Bowler,Indian,80,80,Quality leg-spin
2015,Sunrisers Hyderabad,Dale Steyn,Bowler,South African,95,80,World-class pace
2015,Sunrisers Hyderabad,Ashish Nehra,Bowler,Indian,78,75,Left-arm swing quality
2015,Sunrisers Hyderabad,Barinder Sran,Bowler,Indian,68,68,Young pacer developing
2015,Delhi Daredevils,Quinton de Kock,WK-Batter,South African,88,85,Explosive young opener
2015,Delhi Daredevils,Kevin Pietersen,Batter,English,88,78,Quality middle-order
2015,Delhi Daredevils,Shreyas Iyer,Batter,Indian,85,78,Growing quality; increasingly important
2015,Delhi Daredevils,JP Duminy,Batter,South African,78,75,Reliable middle-order
2015,Delhi Daredevils,Angelo Mathews,All-rounder,Sri Lankan,82,75,Quality all-rounder
2015,Delhi Daredevils,Amit Mishra,Bowler,Indian,80,82,Quality leg-spin
2015,Delhi Daredevils,Imran Tahir,Bowler,South African,82,80,Quality wrist-spin; energetic
2015,Delhi Daredevils,Umesh Yadav,Bowler,Indian,80,80,Improving pacer
2015,Delhi Daredevils,Zaheer Khan,Bowler,Indian,85,72,Veteran; declining but experienced
2015,Delhi Daredevils,Pawan Negi,Bowler,Indian,65,65,Left-arm spin support
2015,Delhi Daredevils,Mayank Agarwal,Opener,Indian,78,72,Young opener developing
2015,Kings XI Punjab,Virender Sehwag,Opener,Indian,93,72,Final IPL season; well below peak
2015,Kings XI Punjab,Shaun Marsh,Opener,Australian,83,80,Consistent quality opener
2015,Kings XI Punjab,Glenn Maxwell,All-rounder,Australian,90,85,Quality but below 2014 peak
2015,Kings XI Punjab,David Miller,Batter,South African,82,82,Power-hitting; consistent
2015,Kings XI Punjab,Wriddhiman Saha,WK-Batter,Indian,72,75,Quality wicketkeeper-batter
2015,Kings XI Punjab,Axar Patel,All-rounder,Indian,78,78,Quality left-arm spin all-rounder
2015,Kings XI Punjab,Sandeep Sharma,Bowler,Indian,70,75,Young swing bowler; improving
2015,Kings XI Punjab,Rishi Dhawan,All-rounder,Indian,65,68,Domestic all-rounder
2015,Kings XI Punjab,Anureet Singh,Bowler,Indian,62,62,Domestic pace option
2015,Kings XI Punjab,Piyush Chawla,Bowler,Indian,75,72,Leg-spin support
2015,Kings XI Punjab,Mitchell Johnson,Bowler,Australian,90,82,Quality pace; impactful
2016,Sunrisers Hyderabad,David Warner,Opener (C),Australian,93,96,Orange Cap; champion captain; brilliant
2016,Sunrisers Hyderabad,Shikhar Dhawan,Opener,Indian,88,88,Quality opening partner
2016,Sunrisers Hyderabad,Kane Williamson,Batter,New Zealander,90,85,Crucial middle-order anchor
2016,Sunrisers Hyderabad,Yuvraj Singh,Batter,Indian,92,82,Quality middle-order addition
2016,Sunrisers Hyderabad,Deepak Hooda,All-rounder,Indian,72,75,Useful domestic contribution
2016,Sunrisers Hyderabad,Naman Ojha,WK-Batter,Indian,70,70,Reliable wicketkeeper
2016,Sunrisers Hyderabad,Bhuvneshwar Kumar,Bowler,Indian,88,90,Purple Cap winner; outstanding swing
2016,Sunrisers Hyderabad,Rashid Khan,Bowler,Afghan,92,82,Developing into world-class
2016,Sunrisers Hyderabad,Barinder Sran,Bowler,Indian,68,70,Young pacer
2016,Sunrisers Hyderabad,Mustafizur Rahman,Bowler,Bangladeshi,80,88,Brilliant debut IPL; cutter specialist
2016,Sunrisers Hyderabad,Ashish Nehra,Bowler,Indian,78,75,Left-arm swing veteran
2016,Royal Challengers Bangalore,Chris Gayle,Opener,West Indian,95,88,Strong season; formidable trio
2016,Royal Challengers Bangalore,Virat Kohli,Batter (C),Indian,99,100,All-time IPL season; 973 runs 4 centuries
2016,Royal Challengers Bangalore,AB de Villiers,WK-Batter,South African,97,95,Legendary season alongside Kohli
2016,Royal Challengers Bangalore,KL Rahul,Batter,Indian,88,82,Growing stature; quality contribution
2016,Royal Challengers Bangalore,Shane Watson,All-rounder,Australian,88,80,Useful all-round addition
2016,Royal Challengers Bangalore,Chris Jordan,Bowler,English,72,72,Pace support; useful death overs
2016,Royal Challengers Bangalore,Yuzvendra Chahal,Bowler,Indian,88,85,Increasingly dominant leg-spin
2016,Royal Challengers Bangalore,Moeen Ali,All-rounder,English,80,80,Quality spin and batting
2016,Royal Challengers Bangalore,Adam Milne,Bowler,New Zealander,70,72,Pace support
2016,Royal Challengers Bangalore,Pawan Negi,Bowler,Indian,65,65,Left-arm spin support
2016,Royal Challengers Bangalore,Iqbal Abdulla,Bowler,Indian,65,62,Spin support
2016,Mumbai Indians,Rohit Sharma,Batter (C),Indian,90,88,Runners-up; solid captain
2016,Mumbai Indians,Jose Butler,WK-Batter,English,90,82,Quality top-order in earlier career
2016,Mumbai Indians,Ambati Rayudu,Batter,Indian,75,78,Reliable middle-order
2016,Mumbai Indians,Kieron Pollard,All-rounder,West Indian,88,85,Explosive finisher
2016,Mumbai Indians,Hardik Pandya,All-rounder,Indian,88,85,Breakout season; match-winner
2016,Mumbai Indians,Nitish Rana,Batter,Indian,70,72,Young batter; debut
2016,Mumbai Indians,Harbhajan Singh,Bowler,Indian,88,78,Key spinner; declining slightly
2016,Mumbai Indians,Lasith Malinga,Bowler,Sri Lankan,93,82,Ageing but still impactful
2016,Mumbai Indians,Mitchell McClenaghan,Bowler,New Zealander,78,80,Quality left-arm pace
2016,Mumbai Indians,Jasprit Bumrah,Bowler,Indian,96,90,Emerging as world's best T20 bowler
2016,Mumbai Indians,Krunal Pandya,All-rounder,Indian,75,75,Left-arm spin all-rounder; debut
2016,Kolkata Knight Riders,Gautam Gambhir,Opener (C),Indian,87,82,Solid captaincy; team competitive
2016,Kolkata Knight Riders,Robin Uthappa,Opener,Indian,80,82,383 runs; quality opener
2016,Kolkata Knight Riders,Yusuf Pathan,All-rounder,Indian,82,85,359 runs at extraordinary average; brilliant
2016,Kolkata Knight Riders,Manish Pandey,Batter,Indian,80,80,212 runs; solid middle-order
2016,Kolkata Knight Riders,Suryakumar Yadav,Batter,Indian,90,78,Growing stature in T20 cricket
2016,Kolkata Knight Riders,Andre Russell,All-rounder,West Indian,90,88,188 runs; 15 wickets; destructive
2016,Kolkata Knight Riders,Shakib Al Hasan,All-rounder,Bangladeshi,82,78,Quality spin and batting
2016,Kolkata Knight Riders,Sunil Narine,Bowler,West Indian,92,90,Still elite; adapted as opener
2016,Kolkata Knight Riders,Piyush Chawla,Bowler,Indian,75,78,11 wickets; reliable leg-spin
2016,Kolkata Knight Riders,Umesh Yadav,Bowler,Indian,80,78,Quality pace
2016,Kolkata Knight Riders,Morne Morkel,Bowler,South African,82,78,Quality overseas pace
2016,Gujarat Lions,Brendon McCullum,WK-Batter,New Zealander,85,85,Aggressive opener for new franchise
2016,Gujarat Lions,Suresh Raina,Batter (C),Indian,87,88,Captained debut side to table-top; 399 runs
2016,Gujarat Lions,Andrew Tye,Bowler,Australian,75,78,Quality Australian pace
2016,Gujarat Lions,Dwayne Bravo,All-rounder,West Indian,85,82,Death bowling and hitting
2016,Gujarat Lions,James Faulkner,All-rounder,Australian,80,78,Quality all-rounder
2016,Gujarat Lions,Dinesh Karthik,WK-Batter,Indian,80,78,Quality keeper-batter
2016,Gujarat Lions,Ravindra Jadeja,All-rounder,Indian,90,82,Quality all-round contribution
2016,Gujarat Lions,Praveen Kumar,Bowler,Indian,72,72,Left-arm swing pacer
2016,Gujarat Lions,Dhawal Kulkarni,Bowler,Indian,65,70,Pace support
2016,Gujarat Lions,Shubman Gill,Batter,Indian,90,65,Very young; occasional appearances
2016,Gujarat Lions,Shadab Jakati,Bowler,Indian,68,68,Left-arm spin support
2016,Rising Pune Supergiant,Ajinkya Rahane,Opener,Indian,82,80,Quality opener; RPS debut
2016,Rising Pune Supergiant,MS Dhoni,WK-Batter (C),Indian,98,80,284 runs; unfamiliar setup
2016,Rising Pune Supergiant,Faf du Plessis,Batter,South African,88,85,Quality contribution in new team
2016,Rising Pune Supergiant,Mayank Agarwal,Opener,Indian,78,75,Developing quality opener
2016,Rising Pune Supergiant,Kevin Pietersen,Batter,English,88,72,Brief stint; limited impact
2016,Rising Pune Supergiant,Steve Smith,Batter,Australian,95,78,Quality; team adapting
2016,Rising Pune Supergiant,Mitchell Marsh,All-rounder,Australian,85,72,Useful all-round support
2016,Rising Pune Supergiant,Ashoke Dinda,Bowler,Indian,68,65,Domestic pace option
2016,Rising Pune Supergiant,Jaydev Unadkat,Bowler,Indian,72,75,Left-arm pace quality emerging
2016,Rising Pune Supergiant,Ishant Sharma,Bowler,Indian,80,72,Pace support
2016,Rising Pune Supergiant,RP Singh,Bowler,Indian,80,68,Veteran left-arm pacer; declining
2016,Kings XI Punjab,Shaun Marsh,Opener,Australian,83,78,Consistent opener
2016,Kings XI Punjab,Hashim Amla,Opener,South African,85,80,Quality overseas opener
2016,Kings XI Punjab,Glenn Maxwell,All-rounder (C),Australian,90,82,Captain; below 2014 peak but quality
2016,Kings XI Punjab,David Miller,Batter,South African,82,82,Power-hitting; destructive
2016,Kings XI Punjab,Wriddhiman Saha,WK-Batter,Indian,72,78,Quality wicketkeeper-batter
2016,Kings XI Punjab,Axar Patel,All-rounder,Indian,78,80,Quality left-arm spin all-rounder
2016,Kings XI Punjab,Murali Vijay,Opener,Indian,82,75,Opener support
2016,Kings XI Punjab,Sandeep Sharma,Bowler,Indian,70,75,Young swing bowler; improving
2016,Kings XI Punjab,Mohit Sharma,Bowler,Indian,75,72,Pace quality
2016,Kings XI Punjab,Marcus Stoinis,All-rounder,Australian,78,72,Powerful all-round; emerging
2016,Kings XI Punjab,Rishi Dhawan,All-rounder,Indian,65,65,Domestic all-rounder
2016,Delhi Daredevils,Quinton de Kock,WK-Batter,South African,88,85,Explosive young opener
2016,Delhi Daredevils,Karun Nair,Batter,Indian,70,72,Domestic quality; decent season
2016,Delhi Daredevils,Shreyas Iyer,Batter,Indian,85,80,Growing quality; increasingly important
2016,Delhi Daredevils,JP Duminy,Batter,South African,78,75,Reliable middle-order
2016,Delhi Daredevils,Carlos Brathwaite,All-rounder,West Indian,72,72,Power-hitting lower-order
2016,Delhi Daredevils,Amit Mishra,Bowler,Indian,80,82,Quality leg-spin
2016,Delhi Daredevils,Imran Tahir,Bowler,South African,82,80,Quality wrist-spin
2016,Delhi Daredevils,Zaheer Khan,Bowler (C),Indian,85,68,Captain; well below peak; final season
2016,Delhi Daredevils,Kagiso Rabada,Bowler,South African,92,85,Breakout season; world-class emerging
2016,Delhi Daredevils,Chris Morris,Bowler,South African,78,75,Pace support
2016,Delhi Daredevils,Umesh Yadav,Bowler,Indian,80,78,Quality pace
2016,Chennai Super Kings,N/A - Suspended,,Indian,0,0,CSK suspended for 2016-17
2016,Rajasthan Royals,N/A - Suspended,,Indian,0,0,RR suspended for 2016-17
2017,Mumbai Indians,Rohit Sharma,Batter (C),Indian,90,90,Champions again; elite captain
2017,Mumbai Indians,Partiv Patel,WK-Batter,Indian,72,75,Aggressive young opener
2017,Mumbai Indians,Nitish Rana,Batter,Indian,70,78,Solid middle-order; developing
2017,Mumbai Indians,Kieron Pollard,All-rounder,West Indian,88,88,Vital finisher; title contribution
2017,Mumbai Indians,Hardik Pandya,All-rounder,Indian,88,92,Breakout champion season; all-round brilliance
2017,Mumbai Indians,Krunal Pandya,All-rounder,Indian,75,78,Left-arm spin finisher; quality
2017,Mumbai Indians,Ambati Rayudu,Batter,Indian,75,78,Reliable middle-order
2017,Mumbai Indians,Harbhajan Singh,Bowler,Indian,88,78,Key spinner
2017,Mumbai Indians,Jasprit Bumrah,Bowler,Indian,96,92,Emerging as world's best T20 bowler
2017,Mumbai Indians,Lasith Malinga,Bowler,Sri Lankan,93,80,Still impactful but ageing
2017,Mumbai Indians,Mitchell McClenaghan,Bowler,New Zealander,78,80,Quality left-arm pace
2017,Rising Pune Supergiant,Ajinkya Rahane,Opener,Indian,82,82,Solid opener; runners-up contribution
2017,Rising Pune Supergiant,Steve Smith,Batter (C),Australian,95,88,Superb captain; led to final
2017,Rising Pune Supergiant,Faf du Plessis,Batter,South African,88,88,Quality contribution
2017,Rising Pune Supergiant,Ben Stokes,All-rounder,English,90,90,Match-winner; vital in playoff run
2017,Rising Pune Supergiant,MS Dhoni,WK-Batter,Indian,98,82,Strike rate improved (153); key finisher
2017,Rising Pune Supergiant,Manoj Tiwary,Batter,Indian,72,72,Domestic quality; useful
2017,Rising Pune Supergiant,Rahul Chahar,Bowler,Indian,72,70,Young leg-spinner; debut
2017,Rising Pune Supergiant,Washington Sundar,Bowler,Indian,78,75,Talented young left-arm off-spin
2017,Rising Pune Supergiant,Imran Tahir,Bowler,South African,82,80,Quality wrist-spin; energetic
2017,Rising Pune Supergiant,Jaydev Unadkat,Bowler,Indian,72,78,Left-arm pace quality
2017,Rising Pune Supergiant,Shardul Thakur,Bowler,Indian,75,72,Young Indian pacer emerging
2017,Sunrisers Hyderabad,David Warner,Opener (C),Australian,93,95,Orange Cap contender; dominant opener
2017,Sunrisers Hyderabad,Shikhar Dhawan,Opener,Indian,88,88,Quality opening partner
2017,Sunrisers Hyderabad,Yuvraj Singh,Batter,Indian,92,80,Quality middle-order; declining slightly
2017,Sunrisers Hyderabad,Kane Williamson,Batter,New Zealander,90,88,Crucial middle-order anchor
2017,Sunrisers Hyderabad,Moises Henriques,All-rounder,Australian,72,72,Useful all-round support
2017,Sunrisers Hyderabad,Deepak Hooda,All-rounder,Indian,72,75,Domestic all-round contribution
2017,Sunrisers Hyderabad,Bhuvneshwar Kumar,Bowler,Indian,88,92,Purple Cap winner; best season with ball
2017,Sunrisers Hyderabad,Rashid Khan,Bowler,Afghan,92,88,Dominant; world-class emerging
2017,Sunrisers Hyderabad,Mustafizur Rahman,Bowler,Bangladeshi,80,82,Quality cutter specialist
2017,Sunrisers Hyderabad,Siddarth Kaul,Bowler,Indian,68,72,Quality domestic pacer
2017,Sunrisers Hyderabad,Barinder Sran,Bowler,Indian,68,68,Support pacer
2017,Kolkata Knight Riders,Robin Uthappa,Opener,Indian,80,82,Consistent opener
2017,Kolkata Knight Riders,Gautam Gambhir,Opener (C),Indian,87,78,Final KKR season; declining
2017,Kolkata Knight Riders,Sunil Narine,All-rounder,West Indian,92,90,Reinvented as opener; versatile
2017,Kolkata Knight Riders,Andre Russell,All-rounder,West Indian,90,88,Explosive lower-order; growing force
2017,Kolkata Knight Riders,Manish Pandey,Batter,Indian,80,82,Quality middle-order
2017,Kolkata Knight Riders,Yusuf Pathan,All-rounder,Indian,82,78,Power-hitting
2017,Kolkata Knight Riders,Chris Lynn,Opener,Australian,80,82,Explosive overseas opener
2017,Kolkata Knight Riders,Shakib Al Hasan,All-rounder,Bangladeshi,82,80,Quality spin and batting
2017,Kolkata Knight Riders,Piyush Chawla,Bowler,Indian,75,72,Leg-spin support
2017,Kolkata Knight Riders,Umesh Yadav,Bowler,Indian,80,78,Quality pace
2017,Kolkata Knight Riders,Nathan Coulter-Nile,Bowler,Australian,75,72,Australian pace support
2017,Royal Challengers Bangalore,Virat Kohli,Batter (C),Indian,99,85,Injury-hit season; limited games
2017,Royal Challengers Bangalore,Chris Gayle,Opener,West Indian,95,82,Strong season despite team exit
2017,Royal Challengers Bangalore,AB de Villiers,WK-Batter,South African,97,92,Brilliant season
2017,Royal Challengers Bangalore,KL Rahul,Batter,Indian,88,85,Growing quality; consistent
2017,Royal Challengers Bangalore,Travis Head,Batter,Australian,88,72,Early career; learning the format
2017,Royal Challengers Bangalore,Moeen Ali,All-rounder,English,80,78,Quality spin and batting
2017,Royal Challengers Bangalore,Yuzvendra Chahal,Bowler,Indian,88,88,Dominant leg-spin; important weapon
2017,Royal Challengers Bangalore,Chris Woakes,All-rounder,English,80,78,Quality all-round contribution
2017,Royal Challengers Bangalore,Sarfaraz Khan,Batter,Indian,72,70,Young power-hitter
2017,Royal Challengers Bangalore,Samuel Badree,Bowler,West Indian,72,70,Spin support
2017,Royal Challengers Bangalore,Tymal Mills,Bowler,English,72,72,Left-arm pace support
2017,Gujarat Lions,Suresh Raina,Batter (C),Indian,87,85,Captain; consistent performer
2017,Gujarat Lions,Brendon McCullum,WK-Batter,New Zealander,85,80,Aggressive opener; final IPL season
2017,Gujarat Lions,Dinesh Karthik,WK-Batter,Indian,80,80,Quality keeper-batter
2017,Gujarat Lions,Aaron Finch,Opener,Australian,80,78,Useful overseas opener
2017,Gujarat Lions,Ravindra Jadeja,All-rounder,Indian,90,80,Quality all-round contribution
2017,Gujarat Lions,Dwayne Bravo,All-rounder,West Indian,85,78,Death bowling and batting
2017,Gujarat Lions,James Faulkner,All-rounder,Australian,80,75,Useful all-round contribution
2017,Gujarat Lions,Praveen Kumar,Bowler,Indian,72,70,Left-arm swing support
2017,Gujarat Lions,Dhawal Kulkarni,Bowler,Indian,65,68,Pace support
2017,Gujarat Lions,Basil Thampi,Bowler,Indian,65,68,Young Kerala pacer; debut
2017,Gujarat Lions,Andrew Tye,Bowler,Australian,75,75,Quality Australian pace
2017,Delhi Daredevils,Shreyas Iyer,Batter (C),Indian,85,80,Young captain; growing into role
2017,Delhi Daredevils,Sam Billings,WK-Batter,English,72,70,Quality keeper-batter overseas
2017,Delhi Daredevils,Rishabh Pant,WK-Batter,Indian,88,80,Explosive debut; exceptional young talent
2017,Delhi Daredevils,Karun Nair,Batter,Indian,70,72,Domestic quality
2017,Delhi Daredevils,JP Duminy,Batter,South African,78,72,Reliable middle-order
2017,Delhi Daredevils,Amit Mishra,Bowler,Indian,80,82,Quality leg-spin
2017,Delhi Daredevils,Kagiso Rabada,Bowler,South African,92,88,Dominant; world-class confirmed
2017,Delhi Daredevils,Chris Morris,Bowler,South African,78,75,Quality pace support
2017,Delhi Daredevils,Pat Cummins,Bowler,Australian,92,82,Quality Australian pace; emerging
2017,Delhi Daredevils,Shahbaz Nadeem,Bowler,Indian,65,68,Left-arm spin support
2017,Delhi Daredevils,Sanju Samson,WK-Batter,Indian,85,75,Explosive young keeper-batter
2017,Kings XI Punjab,Hashim Amla,Opener,South African,85,80,Quality opener
2017,Kings XI Punjab,Manan Vohra,Opener,Indian,65,70,Explosive young opener
2017,Kings XI Punjab,Glenn Maxwell,All-rounder,Australian,90,82,Quality all-round season
2017,Kings XI Punjab,David Miller,Batter,South African,82,80,Power-hitting consistent
2017,Kings XI Punjab,Wriddhiman Saha,WK-Batter,Indian,72,75,Quality wicketkeeper-batter
2017,Kings XI Punjab,Axar Patel,All-rounder,Indian,78,78,Quality all-rounder
2017,Kings XI Punjab,Sandeep Sharma,Bowler,Indian,70,75,Young swing bowler
2017,Kings XI Punjab,Mohit Sharma,Bowler,Indian,75,72,Pace quality
2017,Kings XI Punjab,Marcus Stoinis,All-rounder,Australian,78,75,Powerful all-rounder
2017,Kings XI Punjab,KC Cariappa,Bowler,Indian,60,62,Domestic spinner
2017,Kings XI Punjab,Varun Aaron,Bowler,Indian,70,65,Rapid pacer
2018,Chennai Super Kings,Shane Watson,All-rounder,Australian,88,90,Final hero 117*; triumphant return
2018,Chennai Super Kings,Ambati Rayudu,Batter,Indian,75,85,Consistent opener; excellent season
2018,Chennai Super Kings,Suresh Raina,Batter,Indian,87,88,Return title hero; consistent
2018,Chennai Super Kings,MS Dhoni,WK-Batter (C),Indian,98,88,Champions return; masterful
2018,Chennai Super Kings,Kedar Jadhav,All-rounder,Indian,72,78,Useful lower-order all-rounder
2018,Chennai Super Kings,Dwayne Bravo,All-rounder,West Indian,85,85,Death bowling and hitting
2018,Chennai Super Kings,Ravindra Jadeja,All-rounder,Indian,90,82,Quality all-round
2018,Chennai Super Kings,Ravichandran Ashwin,Bowler,Indian,88,80,Key spinner
2018,Chennai Super Kings,Deepak Chahar,Bowler,Indian,82,82,Developing; showed great promise
2018,Chennai Super Kings,Lungi Ngidi,Bowler,South African,80,80,Quality overseas pacer; solid debut
2018,Chennai Super Kings,Karn Sharma,Bowler,Indian,65,68,Leg-spin support
2018,Sunrisers Hyderabad,Shikhar Dhawan,Opener,Indian,88,85,Consistent opener; runners-up
2018,Sunrisers Hyderabad,Alex Hales,Opener,English,82,78,Quality overseas opener
2018,Sunrisers Hyderabad,Kane Williamson,Batter (C),New Zealander,90,92,Led SRH to final in Warner's absence; brilliant
2018,Sunrisers Hyderabad,Yusuf Pathan,All-rounder,Indian,82,72,Declining; useful occasional contribution
2018,Sunrisers Hyderabad,Deepak Hooda,All-rounder,Indian,72,75,Domestic all-round contribution
2018,Sunrisers Hyderabad,Manish Pandey,Batter,Indian,80,80,Quality middle-order
2018,Sunrisers Hyderabad,Bhuvneshwar Kumar,Bowler,Indian,88,85,Quality swing bowling
2018,Sunrisers Hyderabad,Rashid Khan,Bowler,Afghan,92,90,Sensational; economy under 6; world's best
2018,Sunrisers Hyderabad,Siddarth Kaul,Bowler,Indian,68,75,Quality domestic pacer
2018,Sunrisers Hyderabad,Shakib Al Hasan,All-rounder,Bangladeshi,82,78,Quality spin all-rounder
2018,Sunrisers Hyderabad,Carlos Brathwaite,All-rounder,West Indian,72,68,Lower-order power
2018,Kolkata Knight Riders,Chris Lynn,Opener,Australian,80,82,Explosive overseas opener
2018,Kolkata Knight Riders,Sunil Narine,All-rounder,West Indian,92,90,Crucial as both opener and spinner
2018,Kolkata Knight Riders,Robin Uthappa,Opener,Indian,80,80,Quality opener
2018,Kolkata Knight Riders,Andre Russell,All-rounder,West Indian,90,92,Explosive; devastating lower-order
2018,Kolkata Knight Riders,Dinesh Karthik,WK-Batter (C),Indian,80,82,New captain; solid contribution
2018,Kolkata Knight Riders,Nitish Rana,Batter,Indian,70,75,Solid middle-order
2018,Kolkata Knight Riders,Rinku Singh,Batter,Indian,82,65,Young; developing
2018,Kolkata Knight Riders,Piyush Chawla,Bowler,Indian,75,72,Leg-spin support
2018,Kolkata Knight Riders,Kuldeep Yadav,Bowler,Indian,82,85,Quality wrist-spin; important weapon
2018,Kolkata Knight Riders,Tom Curran,Bowler,English,72,72,Pace support from England
2018,Kolkata Knight Riders,Javon Searles,Bowler,Australian,68,65,Pace support option
2018,Mumbai Indians,Rohit Sharma,Batter (C),Indian,90,85,Solid but team didn't win
2018,Mumbai Indians,Evin Lewis,Opener,West Indian,78,78,Explosive Caribbean opener
2018,Mumbai Indians,Suryakumar Yadav,Batter,Indian,90,82,Growing quality; increasingly important
2018,Mumbai Indians,Kieron Pollard,All-rounder,West Indian,88,85,Explosive finisher
2018,Mumbai Indians,Hardik Pandya,All-rounder,Indian,88,85,Vital all-round; developing further
2018,Mumbai Indians,Krunal Pandya,All-rounder,Indian,75,78,Left-arm spin and hitting
2018,Mumbai Indians,Ishan Kishan,WK-Batter,Indian,82,75,Young; developing talent
2018,Mumbai Indians,Harbhajan Singh,Bowler,Indian,88,72,Veteran spinner; final seasons
2018,Mumbai Indians,Jasprit Bumrah,Bowler,Indian,96,94,World's best T20 bowler; dominant
2018,Mumbai Indians,Mayank Markande,Bowler,Indian,65,75,Surprise debut; brilliant early season
2018,Mumbai Indians,Ben Cutting,All-rounder,Australian,70,68,Lower-order support
2018,Royal Challengers Bangalore,Virat Kohli,Batter (C),Indian,99,88,Good season; team still struggled
2018,Royal Challengers Bangalore,AB de Villiers,WK-Batter,South African,97,90,Brilliant; near-perfect T20 batter
2018,Royal Challengers Bangalore,Quinton de Kock,WK-Batter,South African,88,82,Quality opener; solid contribution
2018,Royal Challengers Bangalore,Brendon McCullum,WK-Batter,New Zealander,85,72,Veteran; final IPL stint
2018,Royal Challengers Bangalore,Colin de Grandhomme,All-rounder,New Zealander,72,70,All-round support
2018,Royal Challengers Bangalore,Moeen Ali,All-rounder,English,80,80,Quality spin and batting
2018,Royal Challengers Bangalore,Yuzvendra Chahal,Bowler,Indian,88,85,Dominant leg-spin
2018,Royal Challengers Bangalore,Tim Southee,Bowler,New Zealander,80,75,Quality overseas pacer
2018,Royal Challengers Bangalore,Umesh Yadav,Bowler,Indian,80,80,Quality pace
2018,Royal Challengers Bangalore,Washington Sundar,Bowler,Indian,78,78,Quality left-arm spin; emerging
2018,Royal Challengers Bangalore,Mohammed Siraj,Bowler,Indian,85,72,Young pacer developing
2018,Rajasthan Royals,Jos Buttler,WK-Batter,English,90,96,Phenomenal debut; 548 runs including 3 hundreds
2018,Rajasthan Royals,Ajinkya Rahane,Opener (C),Indian,82,78,Captain; opening partner for Buttler
2018,Rajasthan Royals,Sanju Samson,WK-Batter,Indian,85,80,Quality middle-order keeper-batter
2018,Rajasthan Royals,Ben Stokes,All-rounder,English,90,80,Below expectations; injury impacts
2018,Rajasthan Royals,Rahul Tripathi,Batter,Indian,70,75,Solid domestic contribution
2018,Rajasthan Royals,Stuart Binny,All-rounder,Indian,68,65,Domestic all-rounder
2018,Rajasthan Royals,Krishnappa Gowtham,All-rounder,Indian,65,68,Domestic all-rounder
2018,Rajasthan Royals,Jofra Archer,Bowler,English,88,82,Debut season; pace quality showing
2018,Rajasthan Royals,Dhawal Kulkarni,Bowler,Indian,65,70,Pace support
2018,Rajasthan Royals,Jaydev Unadkat,Bowler,Indian,72,75,Quality left-arm pacer
2018,Rajasthan Royals,Ben Laughlin,Bowler,Australian,65,62,Pace support
2018,Kings XI Punjab,KL Rahul,WK-Batter,Indian,88,85,Quality opener; emerging superstar
2018,Kings XI Punjab,Lokesh Rahul,WK-Batter,Indian,88,85,Explosive beginning to stint
2018,Kings XI Punjab,Aaron Finch,Opener,Australian,80,80,Quality overseas opener
2018,Kings XI Punjab,Marcus Stoinis,All-rounder,Australian,78,78,Powerful all-rounder
2018,Kings XI Punjab,David Miller,Batter,South African,82,80,Power-hitting continued
2018,Kings XI Punjab,Axar Patel,All-rounder,Indian,78,78,Quality all-rounder
2018,Kings XI Punjab,Karun Nair,Batter,Indian,70,70,Domestic quality
2018,Kings XI Punjab,Mujeeb Ur Rahman,Bowler,Afghan,78,82,Mystery spinner debut; outstanding
2018,Kings XI Punjab,Sandeep Sharma,Bowler,Indian,70,75,Swing bowling quality
2018,Kings XI Punjab,Mohit Sharma,Bowler,Indian,75,72,Pace quality
2018,Kings XI Punjab,Andrew Tye,Bowler,Australian,75,78,Quality Australian pace
2018,Delhi Daredevils,Shreyas Iyer,Batter (C),Indian,85,82,Growing captain; solid contribution
2018,Delhi Daredevils,Prithvi Shaw,Opener,Indian,75,82,Brilliant debut season; outstanding young talent
2018,Delhi Daredevils,Rishabh Pant,WK-Batter,Indian,88,85,Increasingly explosive; world-class developing
2018,Delhi Daredevils,Colin Munro,Opener,New Zealander,72,72,Quality explosive opener
2018,Delhi Daredevils,Glenn Maxwell,All-rounder,Australian,90,82,Quality contribution
2018,Delhi Daredevils,Amit Mishra,Bowler,Indian,80,80,Quality leg-spin
2018,Delhi Daredevils,Kagiso Rabada,Bowler,South African,92,90,Dominant; world-class confirmed
2018,Delhi Daredevils,Chris Morris,Bowler,South African,78,78,Quality pace support
2018,Delhi Daredevils,Avesh Khan,Bowler,Indian,78,68,Very young; debut learning year
2018,Delhi Daredevils,Shahbaz Nadeem,Bowler,Indian,65,68,Left-arm spin support
2018,Delhi Daredevils,Trent Boult,Bowler,New Zealander,88,82,Quality swing bowling
2019,Mumbai Indians,Rohit Sharma,Batter (C),Indian,90,88,Fifth title win; masterful captain
2019,Mumbai Indians,Quinton de Kock,WK-Batter,South African,88,90,Orange Cap contender; blazing opener
2019,Mumbai Indians,Suryakumar Yadav,Batter,Indian,90,88,Growing quality; increasingly important
2019,Mumbai Indians,Kieron Pollard,All-rounder,West Indian,88,88,Vital all-round; match-winner
2019,Mumbai Indians,Hardik Pandya,All-rounder,Indian,88,88,Vital all-round; match-winner
2019,Mumbai Indians,Krunal Pandya,All-rounder,Indian,75,78,Left-arm spin and hitting
2019,Mumbai Indians,Ishan Kishan,WK-Batter,Indian,82,78,Young; developing talent
2019,Mumbai Indians,Rahul Chahar,Bowler,Indian,72,78,Quality young leg-spinner
2019,Mumbai Indians,Jasprit Bumrah,Bowler,Indian,96,95,Purple Cap winner; world-class
2019,Mumbai Indians,Lasith Malinga,Bowler,Sri Lankan,93,80,Final IPL season; still impactful
2019,Mumbai Indians,Trent Boult,Bowler,New Zealander,88,85,Quality swing bowling debut for MI
2019,Chennai Super Kings,Faf du Plessis,Opener,South African,88,90,Brilliant season; quality opener
2019,Chennai Super Kings,Shane Watson,All-rounder,Australian,88,78,Still useful; squad contribution
2019,Chennai Super Kings,Suresh Raina,Batter,Indian,87,85,Consistent; stalwart
2019,Chennai Super Kings,MS Dhoni,WK-Batter (C),Indian,98,88,Runners-up; iconic leader
2019,Chennai Super Kings,Ambati Rayudu,Batter,Indian,75,78,Middle-order solid
2019,Chennai Super Kings,Kedar Jadhav,All-rounder,Indian,72,72,Useful lower-order all-rounder
2019,Chennai Super Kings,Dwayne Bravo,All-rounder,West Indian,85,82,Death bowling and hitting
2019,Chennai Super Kings,Ravindra Jadeja,All-rounder,Indian,90,85,Quality all-round
2019,Chennai Super Kings,Imran Tahir,Bowler,South African,82,90,Purple Cap winner with 26 wickets; exceptional
2019,Chennai Super Kings,Deepak Chahar,Bowler,Indian,82,85,Quality bowling; emerging star
2019,Chennai Super Kings,Shardul Thakur,Bowler,Indian,75,75,Quality pace; growing role
2019,Kolkata Knight Riders,Chris Lynn,Opener,Australian,80,78,Powerful opener; KKR stalwart
2019,Kolkata Knight Riders,Sunil Narine,All-rounder,West Indian,92,88,Still impactful; quality spinner
2019,Kolkata Knight Riders,Robin Uthappa,Opener,Indian,80,75,Consistent quality
2019,Kolkata Knight Riders,Andre Russell,All-rounder,West Indian,90,98,Best ever season; 510 runs at SR 204 + 11 wickets
2019,Kolkata Knight Riders,Dinesh Karthik,WK-Batter (C),Indian,80,78,Captain; solid contribution
2019,Kolkata Knight Riders,Nitish Rana,Batter,Indian,70,72,Solid middle-order
2019,Kolkata Knight Riders,Rinku Singh,Batter,Indian,82,68,Young; developing talent
2019,Kolkata Knight Riders,Piyush Chawla,Bowler,Indian,75,72,Leg-spin support
2019,Kolkata Knight Riders,Kuldeep Yadav,Bowler,Indian,82,82,Quality wrist-spin
2019,Kolkata Knight Riders,Harry Gurney,Bowler,English,72,72,Left-arm pace support
2019,Kolkata Knight Riders,Lockie Ferguson,Bowler,New Zealander,80,80,Rapid New Zealand pacer
2019,Sunrisers Hyderabad,David Warner,Opener (C),Australian,93,95,Orange Cap winner; sensational 692 runs
2019,Sunrisers Hyderabad,Jonny Bairstow,WK-Batter,English,88,92,Brilliant 692 runs partnership with Warner
2019,Sunrisers Hyderabad,Kane Williamson,Batter,New Zealander,90,85,Crucial middle-order
2019,Sunrisers Hyderabad,Vijay Shankar,All-rounder,Indian,70,75,Useful domestic all-rounder
2019,Sunrisers Hyderabad,Deepak Hooda,All-rounder,Indian,72,72,Domestic contribution
2019,Sunrisers Hyderabad,Bhuvneshwar Kumar,Bowler,Indian,88,82,Quality swing bowling; injury hit season
2019,Sunrisers Hyderabad,Rashid Khan,Bowler,Afghan,92,90,Still elite; best spinner in tournament
2019,Sunrisers Hyderabad,Khaleel Ahmed,Bowler,Indian,72,78,Young left-arm pacer; quality debut
2019,Sunrisers Hyderabad,Siddarth Kaul,Bowler,Indian,68,72,Domestic pacer support
2019,Sunrisers Hyderabad,Mitchell Marsh,All-rounder,Australian,85,72,Injury-affected season
2019,Sunrisers Hyderabad,Manish Pandey,Batter,Indian,80,78,Middle-order contribution
2019,Royal Challengers Bangalore,Virat Kohli,Batter (C),Indian,99,90,Good form; team still poor
2019,Royal Challengers Bangalore,Parthiv Patel,WK-Batter,Indian,72,72,Wicketkeeper opener
2019,Royal Challengers Bangalore,AB de Villiers,WK-Batter,South African,97,90,Brilliant; farewell tour imminent
2019,Royal Challengers Bangalore,Marcus Stoinis,All-rounder,Australian,78,78,Powerful all-rounder
2019,Royal Challengers Bangalore,Moeen Ali,All-rounder,English,80,75,Spin and batting
2019,Royal Challengers Bangalore,Akshdeep Nath,Batter,Indian,62,62,Domestic support
2019,Royal Challengers Bangalore,Yuzvendra Chahal,Bowler,Indian,88,85,Dominant leg-spin
2019,Royal Challengers Bangalore,Chris Morris,Bowler,South African,78,78,Pace support
2019,Royal Challengers Bangalore,Umesh Yadav,Bowler,Indian,80,80,Quality pace
2019,Royal Challengers Bangalore,Mohammed Siraj,Bowler,Indian,85,75,Young pacer developing
2019,Royal Challengers Bangalore,Dale Steyn,Bowler,South African,95,68,Final IPL season; well below peak
2019,Delhi Capitals,Shikhar Dhawan,Opener,Indian,88,82,Quality opener; franchise rebranding
2019,Delhi Capitals,Prithvi Shaw,Opener,Indian,75,80,Exciting young opener; brilliant
2019,Delhi Capitals,Shreyas Iyer,Batter (C),Indian,85,85,Quality captain; growing stature
2019,Delhi Capitals,Rishabh Pant,WK-Batter,Indian,88,88,Emerging captain; exciting batting
2019,Delhi Capitals,Colin Ingram,Batter,South African,72,72,Useful middle-order overseas
2019,Delhi Capitals,Axar Patel,All-rounder,Indian,78,78,Quality all-rounder
2019,Delhi Capitals,Amit Mishra,Bowler,Indian,80,78,Quality leg-spin
2019,Delhi Capitals,Kagiso Rabada,Bowler,South African,92,92,Dominant; elite pace bowling
2019,Delhi Capitals,Trent Boult,Bowler,New Zealander,88,82,Quality swing bowling
2019,Delhi Capitals,Ishant Sharma,Bowler,Indian,80,75,Veteran pacer
2019,Delhi Capitals,Keemo Paul,All-rounder,West Indian,65,65,Support all-rounder
2019,Kings XI Punjab,KL Rahul,WK-Batter (C),Indian,88,88,Emerging as quality captain-batsman
2019,Kings XI Punjab,Chris Gayle,Opener,West Indian,95,82,Final quality season; still destructive
2019,Kings XI Punjab,Mayank Agarwal,Opener,Indian,78,85,Breakout season; extraordinary form
2019,Kings XI Punjab,David Miller,Batter,South African,82,80,Power-hitting; consistent
2019,Kings XI Punjab,Sarfaraz Khan,Batter,Indian,72,72,Young power-hitter
2019,Kings XI Punjab,Sam Curran,All-rounder,English,78,80,Quality all-round contribution
2019,Kings XI Punjab,Mohammed Shami,Bowler,Indian,88,82,Quality pace; growing reputation
2019,Kings XI Punjab,Mujeeb Ur Rahman,Bowler,Afghan,78,80,Mystery spin continued quality
2019,Kings XI Punjab,Hardus Viljoen,Bowler,South African,68,68,Pace support
2019,Kings XI Punjab,Ankit Rajpoot,Bowler,Indian,65,68,Domestic pace option
2019,Kings XI Punjab,Varun Chakravarthy,Bowler,Indian,72,72,Mystery spinner; growing quality
2019,Rajasthan Royals,Ajinkya Rahane,Opener (C),Indian,82,78,Captain; opener
2019,Rajasthan Royals,Jos Buttler,WK-Batter,English,90,80,Below 2018 standards; still quality
2019,Rajasthan Royals,Sanju Samson,WK-Batter,Indian,85,82,Consistent middle-order
2019,Rajasthan Royals,Steve Smith,Batter,Australian,95,80,Quality contribution
2019,Rajasthan Royals,Riyan Parag,Batter,Indian,78,75,Exciting young talent; debut
2019,Rajasthan Royals,Ben Stokes,All-rounder,English,90,82,Quality all-round season
2019,Rajasthan Royals,Stuart Binny,All-rounder,Indian,68,62,Declining domestic contribution
2019,Rajasthan Royals,Jofra Archer,Bowler,English,88,85,Developing pace; quality growing
2019,Rajasthan Royals,Dhawal Kulkarni,Bowler,Indian,65,68,Pace support
2019,Rajasthan Royals,Shreyas Gopal,Bowler,Indian,65,72,Leg-spin quality; decent season
2019,Rajasthan Royals,Jaydev Unadkat,Bowler,Indian,72,72,Left-arm pace quality
2020,Mumbai Indians,Rohit Sharma,Batter (C),Indian,90,82,Sixth title; led team post-injury
2020,Mumbai Indians,Quinton de Kock,WK-Batter,South African,88,88,Explosive opener; title contributor
2020,Mumbai Indians,Suryakumar Yadav,Batter,Indian,90,88,Destructive; growing world-class stature
2020,Mumbai Indians,Kieron Pollard,All-rounder,West Indian,88,88,Clutch finisher; vital
2020,Mumbai Indians,Hardik Pandya,All-rounder,Indian,88,82,Vital all-round; injury reduced output
2020,Mumbai Indians,Ishan Kishan,WK-Batter,Indian,82,82,Explosive keeper-batter; growing
2020,Mumbai Indians,Krunal Pandya,All-rounder,Indian,75,75,Left-arm spin and hitting
2020,Mumbai Indians,Rahul Chahar,Bowler,Indian,72,80,Quality young leg-spinner; key
2020,Mumbai Indians,Jasprit Bumrah,Bowler,Indian,96,93,Consistent excellence; key title weapon
2020,Mumbai Indians,Trent Boult,Bowler,New Zealander,88,90,Brilliant debut season; quality swing
2020,Mumbai Indians,James Pattinson,Bowler,Australian,78,78,Overseas pace support
2020,Delhi Capitals,Shikhar Dhawan,Opener,Indian,88,92,Best IPL season; Orange Cap; 618 runs
2020,Delhi Capitals,Prithvi Shaw,Opener,Indian,75,80,Quality young opener
2020,Delhi Capitals,Shreyas Iyer,Batter (C),Indian,85,88,Solid captain; DC reached final
2020,Delhi Capitals,Rishabh Pant,WK-Batter,Indian,88,85,Entertaining wicketkeeper-batter
2020,Delhi Capitals,Marcus Stoinis,All-rounder,Australian,78,80,Powerful all-round contribution
2020,Delhi Capitals,Axar Patel,All-rounder,Indian,78,78,Quality all-rounder
2020,Delhi Capitals,Amit Mishra,Bowler,Indian,80,72,Veteran leg-spin; declining slightly
2020,Delhi Capitals,Kagiso Rabada,Bowler,South African,92,97,Purple Cap with 30 wickets; outstanding
2020,Delhi Capitals,Ravichandran Ashwin,Bowler,Indian,88,82,Quality spinner; joined DC
2020,Delhi Capitals,Anrich Nortje,Bowler,South African,82,85,Debut season; world-class pace emerging
2020,Delhi Capitals,Avesh Khan,Bowler,Indian,78,75,Young pacer developing
2020,Sunrisers Hyderabad,David Warner,Opener (C),Australian,93,85,Solid season; reached final
2020,Sunrisers Hyderabad,Jonny Bairstow,WK-Batter,English,88,82,Quality overseas opener
2020,Sunrisers Hyderabad,Kane Williamson,Batter,New Zealander,90,85,Crucial middle-order
2020,Sunrisers Hyderabad,Manish Pandey,Batter,Indian,80,78,Quality middle-order
2020,Sunrisers Hyderabad,Vijay Shankar,All-rounder,Indian,70,72,Useful all-rounder
2020,Sunrisers Hyderabad,Priyam Garg,Batter,Indian,65,65,Young debut; learning season
2020,Sunrisers Hyderabad,Bhuvneshwar Kumar,Bowler,Indian,88,75,Injury-affected season
2020,Sunrisers Hyderabad,Rashid Khan,Bowler,Afghan,92,92,Still elite; best spinner
2020,Sunrisers Hyderabad,T Natarajan,Bowler,Indian,72,85,Outstanding debut; death bowling specialist
2020,Sunrisers Hyderabad,Jason Holder,All-rounder,West Indian,78,82,Quality all-round addition
2020,Sunrisers Hyderabad,Siddarth Kaul,Bowler,Indian,68,68,Domestic support pacer
2020,Royal Challengers Bangalore,Aaron Finch,Opener (C),Australian,80,72,Captain; below form
2020,Royal Challengers Bangalore,Devdutt Padikkal,Opener,Indian,82,85,Debut; brilliant 473 runs
2020,Royal Challengers Bangalore,Virat Kohli,Batter (C),Indian,99,88,Good form; team improved but no title
2020,Royal Challengers Bangalore,AB de Villiers,WK-Batter,South African,97,92,Farewell tour brewing; still brilliant
2020,Royal Challengers Bangalore,Shivam Dube,All-rounder,Indian,78,75,Useful all-round
2020,Royal Challengers Bangalore,Isuru Udana,All-rounder,Sri Lankan,68,68,Lower-order support
2020,Royal Challengers Bangalore,Yuzvendra Chahal,Bowler,Indian,88,88,Dominant leg-spin; key weapon
2020,Royal Challengers Bangalore,Washington Sundar,Bowler,Indian,78,80,Quality spin; developing
2020,Royal Challengers Bangalore,Chris Morris,Bowler,South African,78,75,Pace support
2020,Royal Challengers Bangalore,Navdeep Saini,Bowler,Indian,72,75,Young pace; quality emerging
2020,Royal Challengers Bangalore,Mohammed Siraj,Bowler,Indian,85,80,Growing quality; important
2020,Kolkata Knight Riders,Shubman Gill,Batter,Indian,90,78,Young opener; developing
2020,Kolkata Knight Riders,Sunil Narine,All-rounder,West Indian,92,82,Still vital; quality spinner
2020,Kolkata Knight Riders,Nitish Rana,Batter,Indian,70,78,Solid middle-order
2020,Kolkata Knight Riders,Eoin Morgan,Batter (C),English,82,75,New captain; below best
2020,Kolkata Knight Riders,Andre Russell,All-rounder,West Indian,90,80,Injury-impacted; below 2019 levels
2020,Kolkata Knight Riders,Dinesh Karthik,WK-Batter,Indian,80,72,Declining form; stepped down as captain
2020,Kolkata Knight Riders,Rinku Singh,Batter,Indian,82,70,Young; developing
2020,Kolkata Knight Riders,Varun Chakravarthy,Bowler,Indian,72,82,Mystery spinner; breakout season
2020,Kolkata Knight Riders,Kuldeep Yadav,Bowler,Indian,82,72,Below form; struggling
2020,Kolkata Knight Riders,Pat Cummins,Bowler,Australian,92,82,Quality Australian pace; record buy
2020,Kolkata Knight Riders,Lockie Ferguson,Bowler,New Zealander,80,78,Rapid pace; useful contribution
2020,Chennai Super Kings,Faf du Plessis,Opener,South African,88,80,Solid opener; team below par
2020,Chennai Super Kings,Ruturaj Gaikwad,Opener,Indian,85,72,Debut; limited early games
2020,Chennai Super Kings,Suresh Raina,Batter,Indian,87,0,Withdrew before tournament
2020,Chennai Super Kings,MS Dhoni,WK-Batter (C),Indian,98,72,Career-low season; team below par
2020,Chennai Super Kings,Ambati Rayudu,Batter,Indian,75,75,Solid middle-order
2020,Chennai Super Kings,Sam Curran,All-rounder,English,78,78,Quality all-round contribution
2020,Chennai Super Kings,Kedar Jadhav,All-rounder,Indian,72,68,Declining contribution
2020,Chennai Super Kings,Ravindra Jadeja,All-rounder,Indian,90,82,Quality all-round despite poor team
2020,Chennai Super Kings,Deepak Chahar,Bowler,Indian,82,82,Quality bowling; crucial wickets
2020,Chennai Super Kings,Lungi Ngidi,Bowler,South African,80,78,Quality overseas pacer
2020,Chennai Super Kings,Shardul Thakur,Bowler,Indian,75,78,Quality pace; growing role
2020,Rajasthan Royals,Ben Stokes,All-rounder,English,90,82,Quality but injury-affected
2020,Rajasthan Royals,Jos Buttler,WK-Batter,English,90,82,Quality contribution; consistent
2020,Rajasthan Royals,Sanju Samson,WK-Batter (C),Indian,85,85,Impressive quality; growing captain
2020,Rajasthan Royals,Steve Smith,Batter,Australian,95,82,Quality batting
2020,Rajasthan Royals,Robin Uthappa,Batter,Indian,80,72,Useful contribution
2020,Rajasthan Royals,Riyan Parag,Batter,Indian,78,78,Growing young talent
2020,Rajasthan Royals,Tom Curran,Bowler,English,72,70,Pace support from England
2020,Rajasthan Royals,Jofra Archer,Bowler,English,88,88,Quality pace; growing reputation
2020,Rajasthan Royals,Kartik Tyagi,Bowler,Indian,65,70,Young pacer debut; solid
2020,Rajasthan Royals,Shreyas Gopal,Bowler,Indian,65,68,Leg-spin quality
2020,Rajasthan Royals,Jaydev Unadkat,Bowler,Indian,72,70,Left-arm pace quality
2020,Kings XI Punjab,KL Rahul,WK-Batter (C),Indian,88,95,Orange Cap; extraordinary 670 runs
2020,Kings XI Punjab,Mayank Agarwal,Opener,Indian,78,88,Quality opener; strong partnership with Rahul
2020,Kings XI Punjab,Nicholas Pooran,WK-Batter,West Indian,78,80,Power-hitting middle-order
2020,Kings XI Punjab,Mandeep Singh,Batter,Indian,65,68,Domestic contribution
2020,Kings XI Punjab,Glenn Maxwell,All-rounder,Australian,90,72,Below expectations; poor season
2020,Kings XI Punjab,Chris Jordan,Bowler,English,72,72,Pace support
2020,Kings XI Punjab,Mohammed Shami,Bowler,Indian,88,85,Quality pace; strong season
2020,Kings XI Punjab,Ravi Bishnoi,Bowler,Indian,70,78,Debut; quality young leg-spinner
2020,Kings XI Punjab,Arshdeep Singh,Bowler,Indian,78,78,Debut; quality young left-arm pacer
2020,Kings XI Punjab,Murugan Ashwin,Bowler,Indian,65,68,Spin support
2020,Kings XI Punjab,Karun Nair,Batter,Indian,70,65,Domestic middle-order
2021,Chennai Super Kings,Ruturaj Gaikwad,Opener,Indian,85,90,Orange Cap winner; 635 runs; title hero
2021,Chennai Super Kings,Faf du Plessis,Opener,South African,88,88,Quality opener; season-long consistency
2021,Chennai Super Kings,Suresh Raina,Batter,Indian,87,82,Returned after 2020 withdrawal; solid
2021,Chennai Super Kings,MS Dhoni,WK-Batter (C),Indian,98,82,Champions; redemption season leader
2021,Chennai Super Kings,Ambati Rayudu,Batter,Indian,75,78,Solid middle-order
2021,Chennai Super Kings,Sam Curran,All-rounder,English,78,80,Quality all-round
2021,Chennai Super Kings,Kedar Jadhav,All-rounder,Indian,72,68,Lower-order support
2021,Chennai Super Kings,Ravindra Jadeja,All-rounder,Indian,90,90,Brilliant all-round; title key contributor
2021,Chennai Super Kings,Deepak Chahar,Bowler,Indian,82,88,Quality bowling; crucial wickets
2021,Chennai Super Kings,Shardul Thakur,Bowler,Indian,75,80,Quality pace; growing role
2021,Chennai Super Kings,Dwayne Bravo,All-rounder,West Indian,85,80,Death bowling veteran; crucial
2021,Kolkata Knight Riders,Shubman Gill,Batter,Indian,90,82,Developing quality opener
2021,Kolkata Knight Riders,Venkatesh Iyer,All-rounder,Indian,80,88,Breakout star; impactful debut in second half
2021,Kolkata Knight Riders,Nitish Rana,Batter,Indian,70,80,Solid middle-order
2021,Kolkata Knight Riders,Eoin Morgan,Batter (C),English,82,72,Captain; below-par season
2021,Kolkata Knight Riders,Andre Russell,All-rounder,West Indian,90,82,Veteran still dangerous
2021,Kolkata Knight Riders,Dinesh Karthik,WK-Batter,Indian,80,72,Declining form
2021,Kolkata Knight Riders,Sunil Narine,All-rounder,West Indian,92,88,Still vital; mystery spin
2021,Kolkata Knight Riders,Varun Chakravarthy,Bowler,Indian,72,85,Outstanding; excellent economy
2021,Kolkata Knight Riders,Shakib Al Hasan,All-rounder,Bangladeshi,82,78,Quality spin and batting
2021,Kolkata Knight Riders,Pat Cummins,Bowler,Australian,92,78,Quality pace; injury affected
2021,Kolkata Knight Riders,Lockie Ferguson,Bowler,New Zealander,80,78,Rapid pace; useful
2021,Royal Challengers Bangalore,Virat Kohli,Batter (C),Indian,99,82,Final RCB captain season; consistent but no title
2021,Royal Challengers Bangalore,Devdutt Padikkal,Opener,Indian,82,85,Consistent; developing quality
2021,Royal Challengers Bangalore,AB de Villiers,WK-Batter,South African,97,88,Final IPL season; retirement soon
2021,Royal Challengers Bangalore,Glenn Maxwell,All-rounder,Australian,90,90,Back to his best; brilliant for RCB
2021,Royal Challengers Bangalore,Mohammed Siraj,Bowler,Indian,85,82,Growing quality; important
2021,Royal Challengers Bangalore,Harshal Patel,Bowler,Indian,75,88,Outstanding debut; multiple hat-tricks
2021,Royal Challengers Bangalore,Yuzvendra Chahal,Bowler,Indian,88,82,Dominant leg-spin but transferred
2021,Royal Challengers Bangalore,Kyle Jamieson,Bowler,New Zealander,80,78,Quality overseas pace
2021,Royal Challengers Bangalore,Shahbaz Ahmed,All-rounder,Indian,68,72,Domestic all-rounder; useful
2021,Royal Challengers Bangalore,Wanindu Hasaranga,Bowler,Sri Lankan,82,80,Quality leg-spin; growing role
2021,Royal Challengers Bangalore,Daniel Christian,All-rounder,Australian,68,68,Lower-order support
2021,Mumbai Indians,Rohit Sharma,Batter (C),Indian,90,80,Defending champions; below expectations
2021,Mumbai Indians,Quinton de Kock,WK-Batter,South African,88,85,Quality opener; decent season
2021,Mumbai Indians,Suryakumar Yadav,Batter,Indian,90,88,Emerging as world's best T20 batter
2021,Mumbai Indians,Kieron Pollard,All-rounder,West Indian,88,80,Veteran; still contributing
2021,Mumbai Indians,Hardik Pandya,All-rounder,Indian,88,78,Injury affected; below best
2021,Mumbai Indians,Ishan Kishan,WK-Batter,Indian,82,85,Explosive debut to superstar status
2021,Mumbai Indians,Krunal Pandya,All-rounder,Indian,75,75,Left-arm spin and hitting
2021,Mumbai Indians,Rahul Chahar,Bowler,Indian,72,78,Quality leg-spinner
2021,Mumbai Indians,Jasprit Bumrah,Bowler,Indian,96,88,Solid but team disappointed
2021,Mumbai Indians,Trent Boult,Bowler,New Zealander,88,82,Quality swing bowling
2021,Mumbai Indians,Adam Milne,Bowler,New Zealander,70,70,Rapid pace; support role
2021,Delhi Capitals,Shikhar Dhawan,Opener,Indian,88,90,Consistent opener; DC competitive
2021,Delhi Capitals,Prithvi Shaw,Opener,Indian,75,82,Exciting young opener
2021,Delhi Capitals,Shreyas Iyer,Batter,Indian,85,72,Injury hit; missed majority of season
2021,Delhi Capitals,Rishabh Pant,WK-Batter (C),Indian,88,88,Emerging captain; exciting batting
2021,Delhi Capitals,Marcus Stoinis,All-rounder,Australian,78,78,Powerful all-round contribution
2021,Delhi Capitals,Axar Patel,All-rounder,Indian,78,82,Quality all-rounder; growing stature
2021,Delhi Capitals,Ravichandran Ashwin,Bowler,Indian,88,82,Quality spinner; important role
2021,Delhi Capitals,Kagiso Rabada,Bowler,South African,92,88,Dominant; elite pace bowling
2021,Delhi Capitals,Anrich Nortje,Bowler,South African,82,85,World-class pace; dominant
2021,Delhi Capitals,Avesh Khan,Bowler,Indian,78,82,Quality pace; great season
2021,Delhi Capitals,Amit Mishra,Bowler,Indian,80,70,Veteran leg-spin; reduced role
2021,Sunrisers Hyderabad,David Warner,Opener,Australian,93,72,Dropped mid-season; controversy
2021,Sunrisers Hyderabad,Wriddhiman Saha,WK-Batter,Indian,72,75,Wicketkeeper opener after Warner drop
2021,Sunrisers Hyderabad,Kane Williamson,Batter (C),New Zealander,90,85,Captain; crucial middle-order
2021,Sunrisers Hyderabad,Jonny Bairstow,WK-Batter,English,88,80,Quality opener; decent contribution
2021,Sunrisers Hyderabad,Manish Pandey,Batter,Indian,80,72,Below form; released after season
2021,Sunrisers Hyderabad,Jason Roy,Opener,English,80,78,Quality overseas opener
2021,Sunrisers Hyderabad,Bhuvneshwar Kumar,Bowler,Indian,88,78,Returning from injury; solid
2021,Sunrisers Hyderabad,Rashid Khan,Bowler,Afghan,92,88,Still elite; best spinner
2021,Sunrisers Hyderabad,T Natarajan,Bowler,Indian,72,78,Death bowling specialist
2021,Sunrisers Hyderabad,Jason Holder,All-rounder,West Indian,78,75,Useful all-round addition
2021,Sunrisers Hyderabad,Khaleel Ahmed,Bowler,Indian,72,70,Young left-arm pacer
2021,Rajasthan Royals,Sanju Samson,WK-Batter (C),Indian,85,88,Consistent captain and batter
2021,Rajasthan Royals,Jos Buttler,WK-Batter,English,90,82,Quality contribution; growing
2021,Rajasthan Royals,Ben Stokes,All-rounder,English,90,75,Limited by national team commitments
2021,Rajasthan Royals,Liam Livingstone,All-rounder,English,85,80,Powerful hitting; growing reputation
2021,Rajasthan Royals,Riyan Parag,Batter,Indian,78,80,Growing talent; impactful
2021,Rajasthan Royals,Mahipal Lomror,All-rounder,Indian,65,68,Young domestic all-rounder
2021,Rajasthan Royals,Chris Morris,Bowler,South African,78,78,Quality pace; most expensive buy at the time
2021,Rajasthan Royals,Jaydev Unadkat,Bowler,Indian,72,72,Left-arm pace quality
2021,Rajasthan Royals,Kartik Tyagi,Bowler,Indian,65,70,Young pacer; developing
2021,Rajasthan Royals,Mustafizur Rahman,Bowler,Bangladeshi,80,80,Quality cutter; consistent
2021,Rajasthan Royals,Chetan Sakariya,Bowler,Indian,65,72,Young left-arm pacer; debut quality
2021,Kings XI Punjab,KL Rahul,WK-Batter (C),Indian,88,88,Consistent quality; strong season
2021,Kings XI Punjab,Mayank Agarwal,Opener,Indian,78,82,Quality opener; consistent
2021,Kings XI Punjab,Chris Gayle,Opener,West Indian,95,72,Final IPL season; aging
2021,Kings XI Punjab,Nicholas Pooran,WK-Batter,West Indian,78,82,Quality power-hitting
2021,Kings XI Punjab,Dawid Malan,Batter,English,78,78,Quality middle-order
2021,Kings XI Punjab,Fabian Allen,All-rounder,West Indian,68,68,Lower-order support
2021,Kings XI Punjab,Mohammed Shami,Bowler,Indian,88,82,Quality pace; strong season
2021,Kings XI Punjab,Ravi Bishnoi,Bowler,Indian,70,80,Quality young leg-spinner; impressive
2021,Kings XI Punjab,Arshdeep Singh,Bowler,Indian,78,82,Quality young left-arm pacer; improving
2021,Kings XI Punjab,Murugan Ashwin,Bowler,Indian,65,68,Spin support
2021,Kings XI Punjab,Riley Meredith,Bowler,Australian,72,72,Rapid Australian pacer debut
2022,Gujarat Titans,Wriddhiman Saha,WK-Batter,Indian,72,80,Quality keeper-batter; debut for GT
2022,Gujarat Titans,Shubman Gill,Batter,Indian,90,88,Consistent opener; title contribution
2022,Gujarat Titans,Hardik Pandya,All-rounder (C),Indian,88,92,Champions first season; superb captain
2022,Gujarat Titans,David Miller,Batter,South African,82,85,Power-hitting; title key moment in final
2022,Gujarat Titans,Matthew Wade,WK-Batter,Australian,72,72,Experienced overseas keeper-batter
2022,Gujarat Titans,Rahul Tewatia,All-rounder,Indian,72,78,Domestic all-rounder; clutch finisher
2022,Gujarat Titans,Rashid Khan,Bowler,Afghan,92,90,Vital spinner; title weapon
2022,Gujarat Titans,Mohammed Shami,Bowler,Indian,88,90,Excellent comeback; crucial wickets
2022,Gujarat Titans,Alzarri Joseph,Bowler,West Indian,78,75,Overseas pace support
2022,Gujarat Titans,Lockie Ferguson,Bowler,New Zealander,80,78,Rapid pace; useful contribution
2022,Gujarat Titans,Yash Dayal,Bowler,Indian,65,68,Young domestic pacer
2022,Rajasthan Royals,Jos Buttler,WK-Batter,English,90,98,Best IPL season ever; 863 runs; 4 hundreds
2022,Rajasthan Royals,Yashasvi Jaiswal,Opener,Indian,85,80,Exciting debut; great potential shown
2022,Rajasthan Royals,Sanju Samson,WK-Batter (C),Indian,85,88,Impressive captain; runners-up
2022,Rajasthan Royals,Devdutt Padikkal,Batter,Indian,82,80,Quality contribution
2022,Rajasthan Royals,Shimron Hetmyer,Batter,West Indian,78,82,Powerful finisher
2022,Rajasthan Royals,Riyan Parag,Batter,Indian,78,80,Growing talent; impactful
2022,Rajasthan Royals,Ravichandran Ashwin,Bowler,Indian,88,80,Returned to RR; quality spinner
2022,Rajasthan Royals,Yuzvendra Chahal,Bowler,Indian,88,95,Purple Cap winner; 27 wickets; dominant
2022,Rajasthan Royals,Trent Boult,Bowler,New Zealander,88,85,Quality swing bowling; crucial powerplay
2022,Rajasthan Royals,Prasidh Krishna,Bowler,Indian,75,80,Quality pace; improving
2022,Rajasthan Royals,Kuldeep Sen,Bowler,Indian,65,70,Young domestic pacer
2022,Royal Challengers Bangalore,Virat Kohli,Batter (C),Indian,99,72,Personal worst IPL season; 341 runs
2022,Royal Challengers Bangalore,Faf du Plessis,Batter,South African,88,88,New RCB captain; solid season
2022,Royal Challengers Bangalore,Anuj Rawat,WK-Batter,Indian,65,70,Young debut; learning
2022,Royal Challengers Bangalore,Glenn Maxwell,All-rounder,Australian,90,85,Solid contribution
2022,Royal Challengers Bangalore,Dinesh Karthik,WK-Batter,Indian,80,85,Brilliant comeback season; death batting
2022,Royal Challengers Bangalore,Shahbaz Ahmed,All-rounder,Indian,68,72,Domestic all-rounder; useful
2022,Royal Challengers Bangalore,Wanindu Hasaranga,Bowler,Sri Lankan,82,88,Outstanding spinner; economical
2022,Royal Challengers Bangalore,Harshal Patel,Bowler,Indian,75,82,Quality pace; key wickets
2022,Royal Challengers Bangalore,Josh Hazlewood,Bowler,Australian,88,82,Quality Australian pace
2022,Royal Challengers Bangalore,Mohammed Siraj,Bowler,Indian,85,80,Growing quality
2022,Royal Challengers Bangalore,David Willey,Bowler,English,70,68,Pace support
2022,Lucknow Super Giants,KL Rahul,WK-Batter (C),Indian,88,90,Strong debut season for new franchise
2022,Lucknow Super Giants,Quinton de Kock,WK-Batter,South African,88,88,Quality opener; LSG solid debut
2022,Lucknow Super Giants,Manish Pandey,Batter,Indian,80,75,Experienced domestic bat
2022,Lucknow Super Giants,Deepak Hooda,All-rounder,Indian,72,82,Brilliant season; century in debut game
2022,Lucknow Super Giants,Ayush Badoni,Batter,Indian,65,75,Exciting young debut; clutch performances
2022,Lucknow Super Giants,Jason Holder,All-rounder,West Indian,78,80,Quality all-round addition
2022,Lucknow Super Giants,Marcus Stoinis,All-rounder,Australian,78,78,Powerful all-round
2022,Lucknow Super Giants,Krunal Pandya,All-rounder,Indian,75,78,Left-arm spin and hitting; home franchise
2022,Lucknow Super Giants,Avesh Khan,Bowler,Indian,78,80,Quality pace; aggressive bowling
2022,Lucknow Super Giants,Mohsin Khan,Bowler,Indian,70,82,Brilliant debut; economical left-arm
2022,Lucknow Super Giants,Ravi Bishnoi,Bowler,Indian,70,80,Quality young leg-spinner
2022,Delhi Capitals,Prithvi Shaw,Opener,Indian,75,80,Quality young opener; consistent
2022,Delhi Capitals,David Warner,Opener,Australian,93,82,Quality experience at the top
2022,Delhi Capitals,Shreyas Iyer,Batter (C),Indian,85,78,Strong performance despite team exit
2022,Delhi Capitals,Rishabh Pant,WK-Batter,Indian,88,85,Decent captaincy season
2022,Delhi Capitals,Mitchell Marsh,All-rounder,Australian,85,80,Powerful all-round; quality debut for DC
2022,Delhi Capitals,Axar Patel,All-rounder,Indian,78,80,Quality all-rounder growing stature
2022,Delhi Capitals,Kuldeep Yadav,Bowler,Indian,82,88,Resurgent season; dominant wrist spin
2022,Delhi Capitals,Kagiso Rabada,Bowler,South African,92,82,Quality pace
2022,Delhi Capitals,Anrich Nortje,Bowler,South African,82,78,World-class pace; quality
2022,Delhi Capitals,Mustafizur Rahman,Bowler,Bangladeshi,80,72,Quality cutter specialist
2022,Delhi Capitals,Shardul Thakur,Bowler,Indian,75,78,Quality pace; growing role
2022,Punjab Kings,Mayank Agarwal,Opener (C),Indian,78,82,Solid captain-opener
2022,Punjab Kings,Shikhar Dhawan,Opener,Indian,88,85,Quality experienced opener
2022,Punjab Kings,Liam Livingstone,All-rounder,English,85,88,Explosive; match-winning hitting
2022,Punjab Kings,Bhanuka Rajapaksa,Batter,Sri Lankan,70,72,Power-hitting lower-order
2022,Punjab Kings,Shahrukh Khan,Batter,Indian,70,75,Exciting young finisher
2022,Punjab Kings,Rishi Dhawan,All-rounder,Indian,65,68,Domestic all-rounder
2022,Punjab Kings,Kagiso Rabada,Bowler,South African,92,85,Quality pace; regular contributor
2022,Punjab Kings,Rahul Chahar,Bowler,Indian,72,75,Quality leg-spin
2022,Punjab Kings,Arshdeep Singh,Bowler,Indian,78,85,Quality left-arm pacer; growing stature
2022,Punjab Kings,Odean Smith,Bowler,West Indian,68,68,Rapid overseas pace
2022,Punjab Kings,Harpreet Brar,All-rounder,Indian,65,68,Left-arm spin all-rounder
2022,Mumbai Indians,Rohit Sharma,Batter (C),Indian,90,80,Below expectations; team finished bottom 2
2022,Mumbai Indians,Ishan Kishan,WK-Batter,Indian,82,85,Explosive opener; quality season
2022,Mumbai Indians,Suryakumar Yadav,Batter,Indian,90,88,Destructive; world-class status
2022,Mumbai Indians,Kieron Pollard,All-rounder,West Indian,88,72,Declining; final effective season
2022,Mumbai Indians,Tilak Varma,Batter,Indian,80,82,Brilliant debut; quality young talent
2022,Mumbai Indians,Sanjay Yadav,Batter,Indian,62,65,Domestic support option
2022,Mumbai Indians,Tim David,All-rounder,Singaporean,85,82,Brutal debut finisher; vital
2022,Mumbai Indians,Hrithik Shokeen,All-rounder,Indian,62,65,Domestic all-rounder
2022,Mumbai Indians,Jasprit Bumrah,Bowler,Indian,96,85,Quality but injury-affected mid-season
2022,Mumbai Indians,Murugan Ashwin,Bowler,Indian,65,65,Spin support
2022,Mumbai Indians,Tymal Mills,Bowler,English,72,70,Left-arm pace support
2022,Kolkata Knight Riders,Venkatesh Iyer,All-rounder,Indian,80,80,Promising opener all-rounder
2022,Kolkata Knight Riders,Ajinkya Rahane,Opener,Indian,82,72,Veteran opener; declining
2022,Kolkata Knight Riders,Shreyas Iyer,Batter (C),Indian,85,88,New captain; KKR improving
2022,Kolkata Knight Riders,Nitish Rana,Batter,Indian,70,78,Solid middle-order
2022,Kolkata Knight Riders,Andre Russell,All-rounder,West Indian,90,82,Veteran still contributing
2022,Kolkata Knight Riders,Sam Billings,WK-Batter,English,72,70,Overseas keeper-batter support
2022,Kolkata Knight Riders,Sunil Narine,All-rounder,West Indian,92,85,Still vital; quality opener and spinner
2022,Kolkata Knight Riders,Pat Cummins,Bowler,Australian,92,82,Quality Australian pace; growing captain
2022,Kolkata Knight Riders,Varun Chakravarthy,Bowler,Indian,72,80,Mystery spinner; quality continued
2022,Kolkata Knight Riders,Umesh Yadav,Bowler,Indian,80,80,Quality pace veteran
2022,Kolkata Knight Riders,Tim Southee,Bowler,New Zealander,80,72,Quality overseas pacer
2022,Sunrisers Hyderabad,Kane Williamson,Batter (C),New Zealander,90,80,Captain; below-par team season
2022,Sunrisers Hyderabad,Abhishek Sharma,Batter,Indian,80,78,Explosive opener; growing
2022,Sunrisers Hyderabad,Nicholas Pooran,WK-Batter,West Indian,78,80,Power-hitting wicketkeeper
2022,Sunrisers Hyderabad,Aiden Markram,Batter,South African,80,82,Quality middle-order
2022,Sunrisers Hyderabad,Rahul Tripathi,Batter,Indian,70,78,Solid domestic contribution
2022,Sunrisers Hyderabad,Washington Sundar,Bowler,Indian,78,78,Quality spin; returning from injury
2022,Sunrisers Hyderabad,Bhuvneshwar Kumar,Bowler,Indian,88,82,Quality swing; consistent
2022,Sunrisers Hyderabad,Marco Jansen,Bowler,South African,72,75,Quality young left-arm pacer
2022,Sunrisers Hyderabad,T Natarajan,Bowler,Indian,72,72,Death bowling specialist
2022,Sunrisers Hyderabad,Romario Shepherd,All-rounder,West Indian,68,68,Lower-order power all-rounder
2022,Sunrisers Hyderabad,Fazalhaq Farooqi,Bowler,Afghan,75,78,Quality left-arm pace; debut season
2023,Chennai Super Kings,Ruturaj Gaikwad,Opener (C),Indian,85,88,Quality captain; consistent runs
2023,Chennai Super Kings,Devon Conway,WK-Batter,New Zealander,85,90,Consistent and calm opener; quality
2023,Chennai Super Kings,Ajinkya Rahane,Batter,Indian,82,80,Experienced return; solid
2023,Chennai Super Kings,MS Dhoni,WK-Batter (C),Indian,98,85,Final IPL title; farewell champion
2023,Chennai Super Kings,Shivam Dube,All-rounder,Indian,78,85,Power-hitting lower-order; title key
2023,Chennai Super Kings,Ambati Rayudu,Batter,Indian,75,72,Final CSK season; veteran contribution
2023,Chennai Super Kings,Ravindra Jadeja,All-rounder,Indian,90,92,Outstanding; titled hero with bat and ball
2023,Chennai Super Kings,Deepak Chahar,Bowler,Indian,82,80,Quality bowling; consistent
2023,Chennai Super Kings,Tushar Deshpande,Bowler,Indian,68,78,Quality debut; important wickets
2023,Chennai Super Kings,Maheesh Theekshana,Bowler,Sri Lankan,72,78,Quality mystery spinner; economical
2023,Chennai Super Kings,Matheesha Pathirana,Bowler,Sri Lankan,75,82,Brilliant debut; Malinga-style slinger
2023,Gujarat Titans,Shubman Gill,Batter (C),Indian,90,98,Orange Cap; 890 runs; extraordinary season
2023,Gujarat Titans,Wriddhiman Saha,WK-Batter,Indian,72,72,Wicketkeeper opener; solid
2023,Gujarat Titans,Sai Sudharsan,Batter,Indian,82,85,Breakout season; quality contribution
2023,Gujarat Titans,David Miller,Batter,South African,82,85,Power-hitting; crucial after Pandya left
2023,Gujarat Titans,Abhinav Manohar,Batter,Indian,65,72,Young domestic talent; developing
2023,Gujarat Titans,Rahul Tewatia,All-rounder,Indian,72,78,Clutch finisher; domestic all-rounder
2023,Gujarat Titans,Rashid Khan,Bowler,Afghan,92,90,Elite spinner; GT strong despite loss
2023,Gujarat Titans,Mohammed Shami,Bowler,Indian,88,92,Outstanding comeback; crucial wickets
2023,Gujarat Titans,Alzarri Joseph,Bowler,West Indian,78,78,Overseas pace support
2023,Gujarat Titans,Noor Ahmad,Bowler,Afghan,72,75,Quality young leg-spin; debut
2023,Gujarat Titans,Mohit Sharma,Bowler,Indian,75,75,Quality pace; supporting role
2023,Mumbai Indians,Rohit Sharma,Batter (C),Indian,90,88,Strong personal form; team improving
2023,Mumbai Indians,Ishan Kishan,WK-Batter,Indian,82,82,Quality opener; decent season
2023,Mumbai Indians,Suryakumar Yadav,Batter,Indian,90,88,Destructive; world's best T20 batter
2023,Mumbai Indians,Tilak Varma,Batter,Indian,80,85,Growing quality; increasingly important
2023,Mumbai Indians,Kieron Pollard,All-rounder,West Indian,88,68,Final IPL; well below peak; farewell
2023,Mumbai Indians,Tim David,All-rounder,Singaporean,85,82,Brutal finisher; vital role
2023,Mumbai Indians,Kumar Kartikeya,Bowler,Indian,65,68,Young spinner developing
2023,Mumbai Indians,Piyush Chawla,Bowler,Indian,75,68,Veteran spinner; declining
2023,Mumbai Indians,Jasprit Bumrah,Bowler,Indian,96,92,Purple Cap winner; back to best
2023,Mumbai Indians,Jason Behrendorff,Bowler,Australian,72,75,Left-arm swing; quality
2023,Mumbai Indians,Akash Madhwal,Bowler,Indian,68,80,Brilliant debut; 5/5 in playoffs
2023,Royal Challengers Bangalore,Virat Kohli,Batter (C),Indian,99,92,Orange Cap; 639 runs including century
2023,Royal Challengers Bangalore,Faf du Plessis,Opener,South African,88,82,Quality captain; consistent
2023,Royal Challengers Bangalore,Glenn Maxwell,All-rounder,Australian,90,85,Solid contribution
2023,Royal Challengers Bangalore,Dinesh Karthik,WK-Batter,Indian,80,78,Quality death batting; declining slightly
2023,Royal Challengers Bangalore,Shahbaz Ahmed,All-rounder,Indian,68,75,Useful domestic contribution
2023,Royal Challengers Bangalore,Mahipal Lomror,All-rounder,Indian,65,70,Domestic support
2023,Royal Challengers Bangalore,Wanindu Hasaranga,Bowler,Sri Lankan,82,85,Outstanding spinner; economical
2023,Royal Challengers Bangalore,Harshal Patel,Bowler,Indian,75,80,Quality pace; key wickets
2023,Royal Challengers Bangalore,Mohammed Siraj,Bowler,Indian,85,85,Growing quality; important weapon
2023,Royal Challengers Bangalore,David Willey,Bowler,English,70,70,Pace support
2023,Royal Challengers Bangalore,Akash Deep,Bowler,Indian,70,75,Young pacer; quality emerging
2023,Kolkata Knight Riders,Venkatesh Iyer,All-rounder,Indian,80,82,Strong contribution from KKR opener
2023,Kolkata Knight Riders,Jason Roy,Opener,English,80,72,Quality overseas opener; mixed season
2023,Kolkata Knight Riders,Shreyas Iyer,Batter (C),Indian,85,82,Consistent captain
2023,Kolkata Knight Riders,Nitish Rana,Batter,Indian,70,78,Solid middle-order
2023,Kolkata Knight Riders,Andre Russell,All-rounder,West Indian,90,82,Veteran still contributing
2023,Kolkata Knight Riders,Rinku Singh,Batter,Indian,82,90,Breakout viral star; 5 sixes off last over hero
2023,Kolkata Knight Riders,Sunil Narine,All-rounder,West Indian,92,88,Still vital; both as opener and spinner
2023,Kolkata Knight Riders,Varun Chakravarthy,Bowler,Indian,72,80,Mystery spinner; quality continued
2023,Kolkata Knight Riders,Suyash Sharma,Bowler,Indian,65,72,Young leg-spinner; debut quality
2023,Kolkata Knight Riders,Shardul Thakur,Bowler,Indian,75,75,Quality pace; consistent
2023,Kolkata Knight Riders,Umesh Yadav,Bowler,Indian,80,78,Quality pace veteran
2023,Sunrisers Hyderabad,Mayank Agarwal,Opener (C),Indian,78,72,Captain; below-par season
2023,Sunrisers Hyderabad,Anmolpreet Singh,Opener,Indian,62,62,Domestic opener; limited impact
2023,Sunrisers Hyderabad,Aiden Markram,Batter,South African,80,80,Quality middle-order
2023,Sunrisers Hyderabad,Heinrich Klaasen,WK-Batter,South African,88,82,Powerful but team disappointing
2023,Sunrisers Hyderabad,Glenn Phillips,Batter,New Zealander,78,75,Useful contribution
2023,Sunrisers Hyderabad,Washington Sundar,All-rounder,Indian,78,80,Quality spin all-rounder
2023,Sunrisers Hyderabad,Bhuvneshwar Kumar,Bowler,Indian,88,80,Consistent quality swing
2023,Sunrisers Hyderabad,T Natarajan,Bowler,Indian,72,75,Death bowling specialist
2023,Sunrisers Hyderabad,Fazalhaq Farooqi,Bowler,Afghan,75,80,Quality left-arm pace
2023,Sunrisers Hyderabad,Umran Malik,Bowler,Indian,75,72,Extreme pace; inconsistent
2023,Sunrisers Hyderabad,Mayank Markande,Bowler,Indian,65,65,Leg-spin support
2023,Delhi Capitals,David Warner,Opener (C),Australian,93,80,Final good DC season; quality opener
2023,Delhi Capitals,Prithvi Shaw,Opener,Indian,75,78,Quality young opener; consistent
2023,Delhi Capitals,Rilee Rossouw,Batter,South African,75,78,Power-hitting; quality contribution
2023,Delhi Capitals,Rishabh Pant,WK-Batter,Indian,88,0,Injured in car accident; missed entire season
2023,Delhi Capitals,Mitchell Marsh,All-rounder,Australian,85,82,Powerful all-round; quality
2023,Delhi Capitals,Axar Patel,All-rounder,Indian,78,82,Quality all-rounder
2023,Delhi Capitals,Kuldeep Yadav,Bowler,Indian,82,88,Consistent wicket-taker; quality spin
2023,Delhi Capitals,Anrich Nortje,Bowler,South African,82,78,World-class pace; quality
2023,Delhi Capitals,Mustafizur Rahman,Bowler,Bangladeshi,80,78,Quality cutter specialist
2023,Delhi Capitals,Khaleel Ahmed,Bowler,Indian,72,72,Left-arm pace support
2023,Delhi Capitals,Ishant Sharma,Bowler,Indian,80,68,Veteran; final seasons declining
2023,Rajasthan Royals,Yashasvi Jaiswal,Opener,Indian,85,88,Excellent season; announced himself
2023,Rajasthan Royals,Jos Buttler,WK-Batter,English,90,82,Below 2022; still quality
2023,Rajasthan Royals,Sanju Samson,WK-Batter (C),Indian,85,88,Consistent captain and batter
2023,Rajasthan Royals,Riyan Parag,Batter,Indian,78,82,Growing confidence; impactful
2023,Rajasthan Royals,Shimron Hetmyer,Batter,West Indian,78,80,Powerful finisher; quality
2023,Rajasthan Royals,Dhruv Jurel,WK-Batter,Indian,75,78,Developing; showing promise
2023,Rajasthan Royals,Ravichandran Ashwin,Bowler,Indian,88,82,Quality spinner
2023,Rajasthan Royals,Yuzvendra Chahal,Bowler,Indian,88,82,Quality leg-spin; still important
2023,Rajasthan Royals,Trent Boult,Bowler,New Zealander,88,80,Quality swing bowling
2023,Rajasthan Royals,Jason Holder,All-rounder,West Indian,78,72,Useful all-round support
2023,Rajasthan Royals,Prasidh Krishna,Bowler,Indian,75,75,Quality pace; improving
2023,Lucknow Super Giants,KL Rahul,WK-Batter (C),Indian,88,88,Consistent quality captain-batsman
2023,Lucknow Super Giants,Quinton de Kock,WK-Batter,South African,88,85,Quality opener; solid
2023,Lucknow Super Giants,Deepak Hooda,All-rounder,Indian,72,75,Domestic contribution
2023,Lucknow Super Giants,Marcus Stoinis,All-rounder,Australian,78,80,Powerful all-round
2023,Lucknow Super Giants,Krunal Pandya,All-rounder,Indian,75,78,Left-arm spin and hitting
2023,Lucknow Super Giants,Ayush Badoni,Batter,Indian,65,78,Clutch performances; growing stature
2023,Lucknow Super Giants,Nicholas Pooran,WK-Batter,West Indian,78,80,Power-hitting wicketkeeper
2023,Lucknow Super Giants,Amit Mishra,Bowler,Indian,80,68,Veteran leg-spin; declining
2023,Lucknow Super Giants,Avesh Khan,Bowler,Indian,78,78,Quality pace
2023,Lucknow Super Giants,Ravi Bishnoi,Bowler,Indian,70,82,Quality leg-spinner; growing
2023,Lucknow Super Giants,Mark Wood,Bowler,English,82,82,Rapid English pace; quality debut
2023,Punjab Kings,Shikhar Dhawan,Opener (C),Indian,88,80,Quality captain; final strong IPL season
2023,Punjab Kings,Prabhsimran Singh,WK-Batter,Indian,78,82,Explosive debut; quality shown
2023,Punjab Kings,Liam Livingstone,All-rounder,English,85,82,Powerful hitting; quality
2023,Punjab Kings,Jitesh Sharma,WK-Batter,Indian,68,75,Quality domestic finisher
2023,Punjab Kings,Shahrukh Khan,Batter,Indian,70,72,Exciting finisher
2023,Punjab Kings,Sam Curran,All-rounder,English,78,80,Quality all-round; captain in later games
2023,Punjab Kings,Harpreet Brar,All-rounder,Indian,65,70,Left-arm spin all-rounder
2023,Punjab Kings,Arshdeep Singh,Bowler,Indian,78,85,Quality left-arm; growing stature
2023,Punjab Kings,Rahul Chahar,Bowler,Indian,72,75,Quality leg-spin
2023,Punjab Kings,Nathan Ellis,Bowler,Australian,68,72,Quality death bowler
2023,Punjab Kings,Mohit Sharma,Bowler,Indian,75,75,Quality pace; experienced
2024,Kolkata Knight Riders,Sunil Narine,All-rounder (C),West Indian,92,95,Best-ever season; 531 runs + wickets; legendary
2024,Kolkata Knight Riders,Phil Salt,WK-Batter,English,82,85,Explosive debut opener; quality contribution
2024,Kolkata Knight Riders,Venkatesh Iyer,All-rounder,Indian,80,90,Dominant; title hero contribution
2024,Kolkata Knight Riders,Shreyas Iyer,Batter (C),Indian,85,92,Champions captain; outstanding leadership
2024,Kolkata Knight Riders,Andre Russell,All-rounder,West Indian,90,82,Veteran still contributing; quality lower-order
2024,Kolkata Knight Riders,Rinku Singh,Batter,Indian,82,85,Consistent middle-order; crowd favourite
2024,Kolkata Knight Riders,Ramandeep Singh,All-rounder,Indian,65,72,Domestic all-rounder; useful
2024,Kolkata Knight Riders,Mitchell Starc,Bowler,Australian,90,88,Most expensive buy delivered; crucial wickets
2024,Kolkata Knight Riders,Varun Chakravarthy,Bowler,Indian,72,85,Mystery spinner; outstanding economy
2024,Kolkata Knight Riders,Harshit Rana,Bowler,Indian,68,82,Outstanding debut; vital wickets
2024,Kolkata Knight Riders,Anrich Nortje,Bowler,South African,82,85,World-class pace; vital to title
2024,Sunrisers Hyderabad,Travis Head,Batter,Australian,88,98,Orange Cap; 567 runs; extraordinary opener
2024,Sunrisers Hyderabad,Abhishek Sharma,Batter,Indian,80,90,Explosive opener; multiple 50+ scores
2024,Sunrisers Hyderabad,Heinrich Klaasen,WK-Batter,South African,88,95,Staggering season; 479 runs at SR 191
2024,Sunrisers Hyderabad,Aiden Markram,Batter,South African,80,82,Quality middle-order
2024,Sunrisers Hyderabad,Nitish Kumar Reddy,All-rounder,Indian,72,82,Brilliant debut; quality young talent
2024,Sunrisers Hyderabad,Pat Cummins,Bowler (C),Australian,92,90,Brilliant captain; fastest fifty + quality bowling
2024,Sunrisers Hyderabad,Washington Sundar,All-rounder,Indian,78,80,Quality spin all-rounder
2024,Sunrisers Hyderabad,Bhuvneshwar Kumar,Bowler,Indian,88,80,Consistent swing quality
2024,Sunrisers Hyderabad,T Natarajan,Bowler,Indian,72,75,Death bowling specialist
2024,Sunrisers Hyderabad,Mayank Markande,Bowler,Indian,65,68,Spin support
2024,Sunrisers Hyderabad,Jaydev Unadkat,Bowler,Indian,72,68,Left-arm pace; support role
2024,Royal Challengers Bangalore,Virat Kohli,Batter,Indian,99,95,Orange Cap contender; 741 runs century
2024,Royal Challengers Bangalore,Faf du Plessis,Opener (C),South African,88,80,Quality captain; decent season
2024,Royal Challengers Bangalore,Rajat Patidar,Batter,Indian,80,82,Quality middle-order; growing
2024,Royal Challengers Bangalore,Glenn Maxwell,All-rounder,Australian,90,72,Most expensive flop; historic poor season
2024,Royal Challengers Bangalore,Dinesh Karthik,WK-Batter,Indian,80,75,Final IPL season; useful death bat
2024,Royal Challengers Bangalore,Mahipal Lomror,All-rounder,Indian,65,70,Domestic support
2024,Royal Challengers Bangalore,Karn Sharma,Bowler,Indian,65,65,Leg-spin support
2024,Royal Challengers Bangalore,Mohammed Siraj,Bowler,Indian,85,82,Quality pace; important weapon
2024,Royal Challengers Bangalore,Yash Dayal,Bowler,Indian,65,72,Pace quality; improving
2024,Royal Challengers Bangalore,Swapnil Singh,Batter,Indian,62,62,Domestic support
2024,Royal Challengers Bangalore,Akash Deep,Bowler,Indian,70,78,Young pacer; quality emerging
2024,Rajasthan Royals,Yashasvi Jaiswal,Opener,Indian,85,90,Exceptional opener; quality maintained
2024,Rajasthan Royals,Jos Buttler,WK-Batter,English,90,82,Consistent quality; team showed promise
2024,Rajasthan Royals,Sanju Samson,WK-Batter (C),Indian,85,90,Strong season; team impressive
2024,Rajasthan Royals,Riyan Parag,Batter,Indian,78,88,Breakout; impactful batting and confidence
2024,Rajasthan Royals,Shimron Hetmyer,Batter,West Indian,78,78,Powerful finisher; consistent
2024,Rajasthan Royals,Dhruv Jurel,WK-Batter,Indian,75,82,Impressive growth; quality performances
2024,Rajasthan Royals,Ravichandran Ashwin,Bowler,Indian,88,80,Quality spinner; veteran
2024,Rajasthan Royals,Yuzvendra Chahal,Bowler,Indian,88,80,Quality leg-spin; consistent
2024,Rajasthan Royals,Trent Boult,Bowler,New Zealander,88,85,Quality swing bowling; powerplay weapon
2024,Rajasthan Royals,Avesh Khan,Bowler,Indian,78,78,Quality pace
2024,Rajasthan Royals,Sandeep Sharma,Bowler,Indian,70,75,Quality swing; consistent
2024,Mumbai Indians,Rohit Sharma,Batter,Indian,90,72,Below expectations; captaincy pressure
2024,Mumbai Indians,Ishan Kishan,WK-Batter,Indian,82,72,Below form; dropped mid-tournament
2024,Mumbai Indians,Suryakumar Yadav,Batter (C),Indian,90,82,Captain; power-hitting quality
2024,Mumbai Indians,Tilak Varma,Batter,Indian,80,88,Growing quality; excellent middle-order
2024,Mumbai Indians,Tim David,All-rounder,Singaporean,85,85,Brutal finisher; vital role
2024,Mumbai Indians,Hardik Pandya,All-rounder,Indian,88,72,Return as captain; massive controversy; below par
2024,Mumbai Indians,Kieron Pollard,All-rounder,West Indian,88,60,Final IPL; well below peak
2024,Mumbai Indians,Romario Shepherd,All-rounder,West Indian,68,70,Power lower-order; decent
2024,Mumbai Indians,Jasprit Bumrah,Bowler,Indian,96,95,Elite; best bowler in tournament
2024,Mumbai Indians,Gerald Coetzee,Bowler,South African,72,72,Rapid pace debut; quality
2024,Mumbai Indians,Nuwan Thushara,Bowler,Sri Lankan,70,72,Left-arm swing; solid debut
2024,Chennai Super Kings,Ruturaj Gaikwad,Opener (C),Indian,85,88,Quality captain; consistent runs
2024,Chennai Super Kings,Devon Conway,WK-Batter,New Zealander,85,82,Quality opener; solid
2024,Chennai Super Kings,Ajinkya Rahane,Batter,Indian,82,75,Veteran contribution
2024,Chennai Super Kings,MS Dhoni,WK-Batter,Indian,98,72,Reduced role; farewell season approaching
2024,Chennai Super Kings,Shivam Dube,All-rounder,Indian,78,85,Power-hitting continued
2024,Chennai Super Kings,Sameer Rizvi,Batter,Indian,65,68,Young debut; promising
2024,Chennai Super Kings,Ravindra Jadeja,All-rounder,Indian,90,85,Quality all-round; crucial
2024,Chennai Super Kings,Deepak Chahar,Bowler,Indian,82,78,Quality bowling; consistent
2024,Chennai Super Kings,Matheesha Pathirana,Bowler,Sri Lankan,75,85,Outstanding slinger; brilliant economy
2024,Chennai Super Kings,Tushar Deshpande,Bowler,Indian,68,75,Quality domestic pacer
2024,Chennai Super Kings,Mustafizur Rahman,Bowler,Bangladeshi,80,75,Quality cutter specialist
2024,Delhi Capitals,David Warner,Opener,Australian,93,78,Final IPL season; consistent but aging
2024,Delhi Capitals,Prithvi Shaw,Opener,Indian,75,70,Below form; dropped mid-season
2024,Delhi Capitals,Shai Hope,WK-Batter,West Indian,72,72,Quality debut WK-batter
2024,Delhi Capitals,Rishabh Pant,WK-Batter (C),Indian,88,85,Triumphant return from injury; quality
2024,Delhi Capitals,Axar Patel,All-rounder,Indian,78,80,Quality all-rounder; consistent
2024,Delhi Capitals,Tristan Stubbs,Batter,South African,72,75,Young power-hitter; quality debut
2024,Delhi Capitals,Kuldeep Yadav,Bowler,Indian,82,88,Consistent wicket-taker; quality spin
2024,Delhi Capitals,Anrich Nortje,Bowler,South African,82,80,World-class pace
2024,Delhi Capitals,Ishant Sharma,Bowler,Indian,80,65,Veteran; final seasons declining
2024,Delhi Capitals,Mukesh Kumar,Bowler,Indian,68,72,Domestic pacer; improving
2024,Delhi Capitals,Sumit Kumar,All-rounder,Indian,60,60,Domestic support option
2024,Punjab Kings,Shikhar Dhawan,Opener (C),Indian,88,72,Final IPL season; well below 2023
2024,Punjab Kings,Prabhsimran Singh,WK-Batter,Indian,78,82,Quality explosive opener; consistent
2024,Punjab Kings,Rilee Rossouw,Batter,South African,75,75,Power-hitting; decent season
2024,Punjab Kings,Jitesh Sharma,WK-Batter,Indian,68,78,Quality domestic finisher; growing
2024,Punjab Kings,Liam Livingstone,All-rounder,English,85,82,Powerful hitting; quality
2024,Punjab Kings,Shashank Singh,Batter,Indian,75,88,Breakout finisher; massive lower-order impact
2024,Punjab Kings,Sam Curran,All-rounder (C),English,78,82,Quality captain; all-round contribution
2024,Punjab Kings,Harpreet Brar,All-rounder,Indian,65,70,Left-arm spin all-rounder
2024,Punjab Kings,Arshdeep Singh,Bowler,Indian,78,85,Quality left-arm; increasingly important
2024,Punjab Kings,Rahul Chahar,Bowler,Indian,72,72,Quality leg-spin
2024,Punjab Kings,Kagiso Rabada,Bowler,South African,92,85,Quality pace; consistent contributor
2024,Gujarat Titans,Shubman Gill,Batter (C),Indian,90,90,Quality consistent captain
2024,Gujarat Titans,Wriddhiman Saha,WK-Batter,Indian,72,72,Wicketkeeper; quality support
2024,Gujarat Titans,David Miller,Batter,South African,82,80,Power-hitting; important
2024,Gujarat Titans,Sai Sudharsan,Batter,Indian,82,88,Outstanding quality; consistent
2024,Gujarat Titans,Rahul Tewatia,All-rounder,Indian,72,78,Clutch finisher
2024,Gujarat Titans,Shahrukh Khan,Batter,Indian,70,72,Power-hitting role
2024,Gujarat Titans,Rashid Khan,Bowler,Afghan,92,88,Elite spinner; quality continued
2024,Gujarat Titans,Mohammed Siraj,Bowler,Indian,85,82,Quality pace
2024,Gujarat Titans,Spencer Johnson,Bowler,Australian,70,75,Rapid Australian debutant; quality
2024,Gujarat Titans,Alzarri Joseph,Bowler,West Indian,78,75,Overseas pace support
2024,Gujarat Titans,Sushant Mishra,Bowler,Indian,60,62,Domestic pace support
2024,Lucknow Super Giants,KL Rahul,WK-Batter (C),Indian,88,88,Consistent quality captain-batsman
2024,Lucknow Super Giants,Quinton de Kock,WK-Batter,South African,88,82,Quality opener; solid
2024,Lucknow Super Giants,Marcus Stoinis,All-rounder,Australian,78,78,Powerful all-round
2024,Lucknow Super Giants,Deepak Hooda,All-rounder,Indian,72,72,Domestic contribution
2024,Lucknow Super Giants,Nicholas Pooran,WK-Batter,West Indian,78,80,Power-hitting wicketkeeper
2024,Lucknow Super Giants,Ayush Badoni,Batter,Indian,65,75,Clutch performances continued
2024,Lucknow Super Giants,Krunal Pandya,All-rounder,Indian,75,75,Left-arm spin and hitting
2024,Lucknow Super Giants,Yash Thakur,Bowler,Indian,65,72,Quality pace debut
2024,Lucknow Super Giants,Ravi Bishnoi,Bowler,Indian,70,80,Quality leg-spinner; growing stature
2024,Lucknow Super Giants,Arshad Khan,Bowler,Indian,62,65,Domestic pace support
2024,Lucknow Super Giants,Naveen-ul-Haq,Bowler,Afghan,70,72,Quality Afghan pacer
2025,Royal Challengers Bengaluru,Virat Kohli,Batter,Indian,99,96,Back-to-back Orange Cap contender; first RCB title
2025,Royal Challengers Bengaluru,Phil Salt,WK-Batter,English,82,88,Explosive opener contribution; quality
2025,Royal Challengers Bengaluru,Rajat Patidar,Batter (C),Indian,80,90,Captain and key batter; title hero
2025,Royal Challengers Bengaluru,Liam Livingstone,All-rounder,English,85,85,Powerful all-round addition
2025,Royal Challengers Bengaluru,Jitesh Sharma,WK-Batter,Indian,68,78,Quality domestic finisher; growing
2025,Royal Challengers Bengaluru,Tim David,All-rounder,Singaporean,85,82,Brutal finisher; vital
2025,Royal Challengers Bengaluru,Krunal Pandya,All-rounder,Indian,75,75,Left-arm spin and hitting
2025,Royal Challengers Bengaluru,Swapnil Singh,Batter,Indian,62,68,Domestic contribution
2025,Royal Challengers Bengaluru,Bhuvneshwar Kumar,Bowler,Indian,88,88,Quality swing; key wickets throughout
2025,Royal Challengers Bengaluru,Josh Hazlewood,Bowler,Australian,88,82,Quality Australian pace
2025,Royal Challengers Bengaluru,Yash Dayal,Bowler,Indian,65,72,Pace quality; improving
2025,Punjab Kings,Prabhsimran Singh,WK-Batter,Indian,78,88,Quality explosive opener; consistent
2025,Punjab Kings,Shreyas Iyer,Batter (C),Indian,85,88,New captain; team improved significantly
2025,Punjab Kings,Shashank Singh,Batter,Indian,75,88,Breakout finisher; massive impact continued
2025,Punjab Kings,Josh Inglis,WK-Batter,Australian,72,78,Quality overseas keeper-batter
2025,Punjab Kings,Nehal Wadhera,Batter,Indian,65,72,Developing young talent
2025,Punjab Kings,Glenn Maxwell,All-rounder,Australian,90,82,Quality addition; returning to form
2025,Punjab Kings,Arshdeep Singh,Bowler,Indian,78,88,Quality left-arm; increasingly dominant
2025,Punjab Kings,Yuzvendra Chahal,Bowler,Indian,88,85,Quality leg-spin; important weapon
2025,Punjab Kings,Marco Jansen,Bowler,South African,72,78,Quality tall left-arm pacer
2025,Punjab Kings,Harpreet Brar,All-rounder,Indian,65,70,Left-arm spin all-rounder
2025,Punjab Kings,Xavier Bartlett,Bowler,Australian,68,72,Rapid Australian pacer
2025,Mumbai Indians,Rohit Sharma,Batter (C),Indian,90,82,Captain returning; solid
2025,Mumbai Indians,Trent Boult,Bowler,New Zealander,88,85,Quality swing bowling
2025,Mumbai Indians,Suryakumar Yadav,Batter,Indian,90,88,Power-hitting; entertaining
2025,Mumbai Indians,Tilak Varma,Batter,Indian,80,88,Excellent quality; growing stature
2025,Mumbai Indians,Hardik Pandya,All-rounder (C),Indian,88,78,Captain; below par season
2025,Mumbai Indians,Naman Dhir,Batter,Indian,65,70,Young domestic talent
2025,Mumbai Indians,Kieron Pollard,All-rounder,West Indian,88,55,Farewell year; finally the end
2025,Mumbai Indians,Robin Minz,All-rounder,Indian,65,70,Young Jharkhand talent; debut
2025,Mumbai Indians,Jasprit Bumrah,Bowler,Indian,96,95,Continued excellence; world-class
2025,Mumbai Indians,Deepak Chahar,Bowler,Indian,82,80,Quality bowling; consistent
2025,Mumbai Indians,Allah Ghazanfar,Bowler,Afghan,70,75,Mystery spin; quality debut
2025,Chennai Super Kings,Ruturaj Gaikwad,Opener (C),Indian,85,85,Steady captain; team in transition
2025,Chennai Super Kings,Devon Conway,WK-Batter,New Zealander,85,82,Quality opener; decent
2025,Chennai Super Kings,MS Dhoni,WK-Batter,Indian,98,72,Reducing role; last effective seasons
2025,Chennai Super Kings,Shivam Dube,All-rounder,Indian,78,85,Power-hitting; quality
2025,Chennai Super Kings,Shaik Rasheed,Batter,Indian,65,70,Young domestic talent
2025,Chennai Super Kings,Sameer Rizvi,Batter,Indian,65,70,Young talent; developing
2025,Chennai Super Kings,Ravindra Jadeja,All-rounder,Indian,90,85,Quality all-round; crucial
2025,Chennai Super Kings,Noor Ahmad,Bowler,Afghan,72,80,Quality young left-arm wrist spin
2025,Chennai Super Kings,Matheesha Pathirana,Bowler,Sri Lankan,75,88,Outstanding slinger; key weapon
2025,Chennai Super Kings,Deepak Chahar,Bowler,Indian,82,78,Quality bowling
2025,Chennai Super Kings,Gurjapneet Singh,Bowler,Indian,60,65,Young domestic pacer
2025,Rajasthan Royals,Yashasvi Jaiswal,Opener,Indian,85,90,Quality opener; consistent
2025,Rajasthan Royals,Sanju Samson,WK-Batter (C),Indian,85,88,Consistent captain and batter
2025,Rajasthan Royals,Vaibhav Sooryavanshi,Batter,Indian,82,88,Incredible youth; announced himself fully
2025,Rajasthan Royals,Jos Buttler,WK-Batter,English,90,80,Quality; still contributing
2025,Rajasthan Royals,Riyan Parag,Batter,Indian,78,85,Consistent middle-order; crowd favourite
2025,Rajasthan Royals,Shimron Hetmyer,Batter,West Indian,78,78,Powerful finisher
2025,Rajasthan Royals,Ravichandran Ashwin,Bowler,Indian,88,78,Quality spinner
2025,Rajasthan Royals,Jofra Archer,Bowler,English,88,85,Quality pace; key weapon
2025,Rajasthan Royals,Trent Boult,Bowler,New Zealander,88,82,Quality swing
2025,Rajasthan Royals,Maheesh Theekshana,Bowler,Sri Lankan,72,78,Quality mystery spinner
2025,Rajasthan Royals,Avesh Khan,Bowler,Indian,78,78,Quality pace
2025,Kolkata Knight Riders,Sunil Narine,All-rounder,West Indian,92,85,Veteran still vital; quality both ways
2025,Kolkata Knight Riders,Quinton de Kock,WK-Batter,South African,88,82,Quality opener; solid
2025,Kolkata Knight Riders,Venkatesh Iyer,All-rounder,Indian,80,82,Consistent opener all-rounder
2025,Kolkata Knight Riders,Ajinkya Rahane,Batter,Indian,82,68,Veteran; reduced role; final seasons
2025,Kolkata Knight Riders,Andre Russell,All-rounder,West Indian,90,80,Veteran still dangerous; aging slightly
2025,Kolkata Knight Riders,Rinku Singh,Batter,Indian,82,85,Consistent middle-order; crowd favourite
2025,Kolkata Knight Riders,Angkrish Raghuvanshi,Batter,Indian,65,72,Exciting young talent
2025,Kolkata Knight Riders,Varun Chakravarthy,Bowler,Indian,72,80,Mystery spinner; quality continued
2025,Kolkata Knight Riders,Harshit Rana,Bowler,Indian,68,78,Quality pacer; growing stature
2025,Kolkata Knight Riders,Mitchell Starc,Bowler,Australian,90,85,Quality overseas pace; powerplay weapon
2025,Kolkata Knight Riders,Spencer Johnson,Bowler,Australian,70,72,Rapid Australian pace
2025,Gujarat Titans,Shubman Gill,Batter (C),Indian,90,90,Quality; consistent performer
2025,Gujarat Titans,Jos Buttler,WK-Batter,English,90,82,Quality addition; consistent
2025,Gujarat Titans,Sai Sudharsan,Batter,Indian,82,88,Outstanding quality; consistent growth
2025,Gujarat Titans,David Miller,Batter,South African,82,80,Power-hitting; important
2025,Gujarat Titans,Rahul Tewatia,All-rounder,Indian,72,75,Clutch finisher; domestic
2025,Gujarat Titans,Shahrukh Khan,Batter,Indian,70,72,Power-hitting role
2025,Gujarat Titans,Rashid Khan,Bowler,Afghan,92,88,Elite spinner; top quality
2025,Gujarat Titans,Mohammed Siraj,Bowler,Indian,85,82,Quality pace; growing stature
2025,Gujarat Titans,Gerald Coetzee,Bowler,South African,72,75,Rapid pace; quality
2025,Gujarat Titans,Prasidh Krishna,Bowler,Indian,75,78,Quality pace; improving
2025,Gujarat Titans,Kulwant Khejroliya,Bowler,Indian,62,65,Left-arm pace support
2025,Sunrisers Hyderabad,Travis Head,Batter,Australian,88,90,Consistent destructive force
2025,Sunrisers Hyderabad,Abhishek Sharma,Batter,Indian,80,85,Explosive opener continued
2025,Sunrisers Hyderabad,Heinrich Klaasen,WK-Batter,South African,88,90,Back to near-2024 form; quality
2025,Sunrisers Hyderabad,Aiden Markram,Batter,South African,80,82,Quality middle-order
2025,Sunrisers Hyderabad,Nitish Kumar Reddy,All-rounder,Indian,72,82,Growing quality; sophomore improvement
2025,Sunrisers Hyderabad,Pat Cummins,Bowler (C),Australian,92,88,Captain; quality continued
2025,Sunrisers Hyderabad,Washington Sundar,All-rounder,Indian,78,80,Quality spin all-rounder
2025,Sunrisers Hyderabad,Bhuvneshwar Kumar,Bowler,Indian,88,82,Consistent quality swing
2025,Sunrisers Hyderabad,T Natarajan,Bowler,Indian,72,78,Death bowling specialist
2025,Sunrisers Hyderabad,Harshal Patel,Bowler,Indian,75,78,Quality pace; impactful
2025,Sunrisers Hyderabad,Simarjeet Singh,Bowler,Indian,62,65,Domestic pace support
2025,Delhi Capitals,KL Rahul,WK-Batter (C),Indian,88,88,Consistent quality; strong season
2025,Delhi Capitals,Jake Fraser-McGurk,Opener,Australian,72,82,Explosive debut; extraordinary strike rate
2025,Delhi Capitals,Tristan Stubbs,Batter,South African,72,78,Young power-hitter; quality growing
2025,Delhi Capitals,Rishabh Pant,WK-Batter,Indian,88,85,Quality wicketkeeper-batter; consistent
2025,Delhi Capitals,Axar Patel,All-rounder,Indian,78,82,Quality all-rounder; growing stature
2025,Delhi Capitals,Ashutosh Sharma,Batter,Indian,65,72,Domestic quality; developing
2025,Delhi Capitals,Kuldeep Yadav,Bowler,Indian,82,85,Consistent wicket-taker; quality spin
2025,Delhi Capitals,Mitchell Starc,Bowler,Australian,90,82,Quality pace; powerplay weapon before KKR move
2025,Delhi Capitals,Mukesh Kumar,Bowler,Indian,68,72,Improving pacer
2025,Delhi Capitals,Khaleel Ahmed,Bowler,Indian,72,72,Left-arm pace support
2025,Delhi Capitals,Daryl Mitchell,All-rounder,New Zealander,75,72,All-round support
2025,Lucknow Super Giants,Rishabh Pant,WK-Batter,Indian,88,85,Quality wicketkeeper-batter
2025,Lucknow Super Giants,Quinton de Kock,WK-Batter,South African,88,82,Quality opener
2025,Lucknow Super Giants,Nicholas Pooran,WK-Batter,West Indian,78,80,Power-hitting wicketkeeper
2025,Lucknow Super Giants,Mitchell Marsh,All-rounder (C),Australian,85,85,Powerful all-round; captain
2025,Lucknow Super Giants,Deepak Hooda,All-rounder,Indian,72,70,Domestic contribution
2025,Lucknow Super Giants,Ayush Badoni,Batter,Indian,65,78,Clutch performances continued
2025,Lucknow Super Giants,Krunal Pandya,All-rounder,Indian,75,75,Left-arm spin and hitting
2025,Lucknow Super Giants,Ravi Bishnoi,Bowler,Indian,70,80,Quality leg-spinner; growing stature
2025,Lucknow Super Giants,Avesh Khan,Bowler,Indian,78,78,Quality pace
2025,Lucknow Super Giants,Shamar Joseph,Bowler,West Indian,72,75,Quality Caribbean pace; debut
2025,Lucknow Super Giants,Yash Thakur,Bowler,Indian,65,72,Quality pace
2026,Royal Challengers Bengaluru,Virat Kohli,Batter,Indian,99,95,675 runs; 56.25 avg; career-best SR 165.85
2026,Royal Challengers Bengaluru,Phil Salt,WK-Batter,English,82,88,Explosive opener; quality contribution
2026,Royal Challengers Bengaluru,Rajat Patidar,Batter (C),Indian,80,92,501 runs; 93* in Qualifier 1; defending champion captain
2026,Royal Challengers Bengaluru,Devdutt Padikkal,Batter,Indian,82,88,464 runs at SR 168.73; aggressive role
2026,Royal Challengers Bengaluru,Tim David,All-rounder,Singaporean,85,85,305 runs; vital stabilizer in finishes
2026,Royal Challengers Bengaluru,Jitesh Sharma,WK-Batter,Indian,68,78,Quality domestic finisher
2026,Royal Challengers Bengaluru,Krunal Pandya,All-rounder,Indian,75,75,Left-arm spin and hitting
2026,Royal Challengers Bengaluru,Swapnil Singh,Batter,Indian,62,68,Domestic support
2026,Royal Challengers Bengaluru,Bhuvneshwar Kumar,Bowler,Indian,88,90,28 wickets; 7.95 economy; second Purple Cap race
2026,Royal Challengers Bengaluru,Josh Hazlewood,Bowler,Australian,88,82,Quality Australian pace; powerplay weapon
2026,Royal Challengers Bengaluru,Yash Dayal,Bowler,Indian,65,72,Pace quality; important contribution
2026,Rajasthan Royals,Vaibhav Sooryavanshi,Batter,Indian,82,100,Orange Cap; MVP; 776 runs; SR 237.30; 72 sixes; 15 yrs
2026,Rajasthan Royals,Yashasvi Jaiswal,Opener,Indian,85,88,Quality opener; consistent partner
2026,Rajasthan Royals,Sanju Samson,WK-Batter (C),Indian,85,88,Consistent captain and batter
2026,Rajasthan Royals,Jos Buttler,WK-Batter,English,90,82,526 runs; consistent quality
2026,Rajasthan Royals,Riyan Parag,Batter,Indian,78,82,Consistent middle-order; quality
2026,Rajasthan Royals,Shimron Hetmyer,Batter,West Indian,78,78,Powerful finisher; consistent
2026,Rajasthan Royals,Ravichandran Ashwin,Bowler,Indian,88,78,Quality spinner; veteran presence
2026,Rajasthan Royals,Jofra Archer,Bowler,English,88,85,25 wickets at 9.31 economy; key weapon
2026,Rajasthan Royals,Trent Boult,Bowler,New Zealander,88,82,Quality swing; powerplay threat
2026,Rajasthan Royals,Sandeep Sharma,Bowler,Indian,70,72,Quality swing bowling support
2026,Rajasthan Royals,Kartik Tyagi,Bowler,Indian,65,72,Pace support; 18 wickets in season
2026,Gujarat Titans,Shubman Gill,Batter (C),Indian,90,92,732 runs; 104
2026,Gujarat Titans,Jos Buttler,WK-Batter,English,90,85,Solid explosive opening support
2026,Gujarat Titans,Sai Sudharsan,Batter,Indian,82,88,Massive structural anchor in top order
2026,Gujarat Titans,David Miller,Batter,South African,82,80,Experienced finisher pacing down the order
2026,Gujarat Titans,Rahul Tewatia,All-rounder,Indian,72,76,Clutch domestic finisher option
2026,Gujarat Titans,Shahrukh Khan,Batter,Indian,70,72,Lower-order boundary hitter
2026,Gujarat Titans,Rashid Khan,Bowler,Afghan,92,90,Premier mystery spinner and defensive bowler
2026,Gujarat Titans,Mohammed Siraj,Bowler,Indian,85,82,Leading pace option in the powerplay
2026,Gujarat Titans,Gerald Coetzee,Bowler,South African,72,75,Aggressive express pace enforcer
2026,Gujarat Titans,Prasidh Krishna,Bowler,Indian,75,76,Solid bounce and length specialist
2026,Gujarat Titans,Noor Ahmad,Bowler,Afghan,72,80,Highly effective left-arm wrist spin partner
2026,Lucknow Super Giants,Rishabh Pant,WK-Batter,Indian,88,86,Dynamic wicketkeeper opener
2026,Lucknow Super Giants,Quinton de Kock,WK-Batter,South African,88,82,Experienced overseas top-order partner
2026,Lucknow Super Giants,Nicholas Pooran,WK-Batter,West Indian,78,85,Destructive middle-order target hitter
2026,Lucknow Super Giants,Mitchell Marsh,All-rounder (C),Australian,85,82,Pivotal captain and seam all-rounder
2026,Lucknow Super Giants,Ayush Badoni,Batter,Indian,65,74,Reliable domestic middle-order platform
2026,Lucknow Super Giants,Krunal Pandya,All-rounder,Indian,75,75,Dependable defensive spin option
2026,Lucknow Super Giants,Marcus Stoinis,All-rounder,Australian,78,76,Power hitter down the order
2026,Lucknow Super Giants,Ravi Bishnoi,Bowler,Indian,70,82,Attacking leg-spin weapon
2026,Lucknow Super Giants,Avesh Khan,Bowler,Indian,78,78,Frontline domestic pace asset
2026,Lucknow Super Giants,Naveen-ul-Haq,Bowler,Afghan,70,74,Slower ball variation expert at the death
2026,Lucknow Super Giants,Yash Thakur,Bowler,Indian,65,70,Supporting domestic seam option
2026,Sunrisers Hyderabad,Travis Head,Batter,Australian,88,94,"Aggressive, high-impact powerplay weapon"
2026,Sunrisers Hyderabad,Abhishek Sharma,Batter,Indian,80,88,Elite young explosive opener
2026,Sunrisers Hyderabad,Heinrich Klaasen,WK-Batter,South African,88,92,Finisher caliber spin destroyer
2026,Sunrisers Hyderabad,Nitish Kumar Reddy,All-rounder,Indian,72,84,Pivotal young domestic seam all-rounder
2026,Sunrisers Hyderabad,Aiden Markram,Batter,South African,80,80,Middle-order anchor stabilizer
2026,Sunrisers Hyderabad,Pat Cummins,Bowler (C),Australian,92,88,Inspirational leader and key pace resource
2026,Sunrisers Hyderabad,Washington Sundar,All-rounder,Indian,78,78,Powerplay containment off-spinner
2026,Sunrisers Hyderabad,Bhuvneshwar Kumar,Bowler,Indian,88,82,Stalwart veteran swing bowler
2026,Sunrisers Hyderabad,T Natarajan,Bowler,Indian,72,80,Reliable yorker specialist at the death
2026,Sunrisers Hyderabad,Harshal Patel,Bowler,Indian,75,76,Effective dipping slower-ball bowler
2026,Sunrisers Hyderabad,Mayank Markande,Bowler,Indian,65,68,Supporting domestic leg-spinner
2026,Delhi Capitals,KL Rahul,WK-Batter (C),Indian,88,86,"Classy, steady top-order presence"
2026,Delhi Capitals,Jake Fraser-McGurk,Opener,Australian,72,84,Ultra-aggressive ultra strike-rate opener
2026,Delhi Capitals,Tristan Stubbs,Batter,South African,72,82,Highly adaptable young overseas finisher
2026,Delhi Capitals,Axar Patel,All-rounder,Indian,78,84,Elite domestic left-arm spin all-rounder
2026,Delhi Capitals,Ashutosh Sharma,Batter,Indian,65,72,Clutch lower-order local hitter
2026,Delhi Capitals,Abishek Porel,WK-Batter,Indian,65,70,Young domestic middle-order platform
2026,Delhi Capitals,Kuldeep Yadav,Bowler,Indian,82,88,Leading wrist-spin attacking weapon
2026,Delhi Capitals,Mitchell Starc,Bowler,Australian,90,82,Experienced left-arm spearhead
2026,Delhi Capitals,Mukesh Kumar,Bowler,Indian,68,74,Dependable death-overs bowler
2026,Delhi Capitals,Khaleel Ahmed,Bowler,Indian,72,72,Early powerplay swing bowler
2026,Delhi Capitals,Rasikh Salam,Bowler,Indian,62,68,Promising domestic variations pacer
2026,Chennai Super Kings,Ruturaj Gaikwad,Batter (C),Indian,85,85,Steady opening anchor leading the transition
2026,Chennai Super Kings,Urvil Patel,WK-Batter,Indian,65,70,Aggressive uncapped domestic opening partner
2026,Chennai Super Kings,Shivam Dube,All-rounder,Indian,78,82,Spin-destroyer utilized heavily in middle overs
2026,Chennai Super Kings,Sanju Samson,WK-Batter,Indian,85,80,Major trade signing anchoring the top order
2026,Chennai Super Kings,Sarfaraz Khan,Batter,Indian,75,76,Nuggety domestic middle-order stabilizer
2026,Chennai Super Kings,MS Dhoni,WK-Batter,Indian,98,72,"Legendary veteran playing a reduced, high-impact finish role"
2026,Chennai Super Kings,Ravindra Jadeja,All-rounder,Indian,90,85,Elite defensive left-arm spin asset
2026,Chennai Super Kings,Noor Ahmad,Bowler,Afghan,72,82,Primary overseas wrist-spinner holding the economy
2026,Chennai Super Kings,Deepak Chahar,Bowler,Indian,82,78,Powerplay swing specialist
2026,Chennai Super Kings,Matheesha Pathirana,Bowler,Sri Lankan,75,85,Elite death-overs slinger spearhead
2026,Chennai Super Kings,Gurjapneet Singh,Bowler,Indian,60,68,Promising domestic left-arm pace option
2026,Mumbai Indians,Rohit Sharma,Batter,Indian,90,82,Veteran opener providing steady powerplay starts
2026,Mumbai Indians,Quinton de Kock,WK-Batter,South African,88,85,Experienced overseas opening partner
2026,Mumbai Indians,Suryakumar Yadav,Batter,Indian,90,90,Premier 360-degree top-order target hitter
2026,Mumbai Indians,Tilak Varma,Batter,Indian,80,88,Consistent middle-order anchor and rebuilding core
2026,Mumbai Indians,Will Jacks,Batter,English,85,82,Explosive overseas middle-order enforcer
2026,Mumbai Indians,Hardik Pandya,All-rounder (C),Indian,88,80,Seam-bowling captain balancing the lower order
2026,Mumbai Indians,Mitchell Santner,All-rounder,New Zealander,80,78,Defensive overseas left-arm spin resource
2026,Mumbai Indians,Naman Dhir,Batter,Indian,65,70,Useful domestic lower-order clean hitter
2026,Mumbai Indians,Jasprit Bumrah,Bowler,Indian,96,96,The absolute gold standard for multi-phase bowling
2026,Mumbai Indians,Deepak Chahar,Bowler,Indian,82,78,Reliable new-ball seam companion
2026,Mumbai Indians,Allah Ghazanfar,Bowler,Afghan,70,76,Exciting young mystery spin addition
2026,Kolkata Knight Riders,Finn Allen,Opener,New Zealander,78,80,Ultra-aggressive overseas powerplay launcher
2026,Kolkata Knight Riders,Sunil Narine,All-rounder,West Indian,92,85,Stalwart veteran mystery spinner and pinch hitter
2026,Kolkata Knight Riders,Ajinkya Rahane,Batter (C),Indian,82,74,Experienced veteran captain stabilizing the top order
2026,Kolkata Knight Riders,Cameron Green,All-rounder,Australian,85,84,Pivotal pacing long-levers seam all-rounder
2026,Kolkata Knight Riders,Venkatesh Iyer,All-rounder,Indian,80,82,Adaptable domestic middle-order resource
2026,Kolkata Knight Riders,Rinku Singh,Batter,Indian,82,82,Go-to domestic death-overs finisher
2026,Kolkata Knight Riders,Ramandeep Singh,All-rounder,Indian,65,72,Dynamic local utility player and finisher
2026,Kolkata Knight Riders,Harshit Rana,Bowler,Indian,68,80,Frontline domestic deck-pounder
2026,Kolkata Knight Riders,Matheesha Pathirana,Bowler,Sri Lankan,75,86,Major death bowling spearhead signing
2026,Kolkata Knight Riders,Varun Chakravarthy,Bowler,Indian,72,82,Leading domestic mystery spinner
2026,Kolkata Knight Riders,Vaibhav Arora,Bowler,Indian,65,70,Early swing support specialist
2026,Punjab Kings,Prabhsimran Singh,WK-Batter,Indian,78,82,"Dynamic, fast-starting local opener"
2026,Punjab Kings,Shreyas Iyer,Batter (C),Indian,85,86,Tactical captain anchoring the long innings
2026,Punjab Kings,Marcus Stoinis,All-rounder,Australian,78,82,Overseas muscle pacing the middle overs
2026,Punjab Kings,Shashank Singh,Batter,Indian,75,84,Proven domestic clutch lower-order finisher
2026,Punjab Kings,Nehal Wadhera,Batter,Indian,65,72,Young domestic middle-order link batter
2026,Punjab Kings,Azmatullah Omarzai,All-rounder,Afghan,75,76,Overseas medium-pace operational anchor
2026,Punjab Kings,Harpreet Brar,All-rounder,Indian,65,74,Highly economical domestic left-arm spinner
2026,Punjab Kings,Marco Jansen,Bowler,South African,72,80,Tall left-arm express bounce and swing asset
2026,Punjab Kings,Yuzvendra Chahal,Bowler,Indian,88,85,Veteran attacking leg-spin weapon
2026,Punjab Kings,Arshdeep Singh,Bowler,Indian,78,88,Leading domestic left-arm options spearhead
2026,Punjab Kings,Xavier Bartlett,Bowler,Australian,68,74,Skilful overseas outswing bowler
2026,Gujarat Titans,Shubman Gill,Batter (C),Indian,90,92,732 runs; top anchor for the team
2026,Gujarat Titans,Jos Buttler,WK-Batter,English,90,85,Solid explosive opening support
2026,Gujarat Titans,Sai Sudharsan,Batter,Indian,82,88,Massive structural anchor in top order
2026,Gujarat Titans,David Miller,Batter,South African,82,80,Experienced finisher pacing down the order
2026,Gujarat Titans,Rahul Tewatia,All-rounder,Indian,72,76,Clutch domestic finisher option
2026,Gujarat Titans,Shahrukh Khan,Batter,Indian,70,72,Lower-order boundary hitter
2026,Gujarat Titans,Rashid Khan,Bowler,Afghan,92,90,Premier mystery spinner and defensive bowler
2026,Gujarat Titans,Mohammed Siraj,Bowler,Indian,85,82,Leading pace option in the powerplay
2026,Gujarat Titans,Gerald Coetzee,Bowler,South African,72,75,Aggressive express pace enforcer
2026,Gujarat Titans,Prasidh Krishna,Bowler,Indian,75,76,Solid bounce and length specialist
2026,Gujarat Titans,Noor Ahmad,Bowler,Afghan,72,80,Highly effective left-arm wrist spin partner
2026,Lucknow Super Giants,Rishabh Pant,WK-Batter,Indian,88,86,Dynamic wicketkeeper opener
2026,Lucknow Super Giants,Quinton de Kock,WK-Batter,South African,88,82,Experienced overseas top-order partner
2026,Lucknow Super Giants,Nicholas Pooran,WK-Batter,West Indian,78,85,Destructive middle-order target hitter
2026,Lucknow Super Giants,Mitchell Marsh,All-rounder (C),Australian,85,82,Pivotal captain and seam all-rounder
2026,Lucknow Super Giants,Ayush Badoni,Batter,Indian,65,74,Reliable domestic middle-order platform
2026,Lucknow Super Giants,Krunal Pandya,All-rounder,Indian,75,75,Dependable defensive spin option
2026,Lucknow Super Giants,Marcus Stoinis,All-rounder,Australian,78,76,Power hitter down the order
2026,Lucknow Super Giants,Ravi Bishnoi,Bowler,Indian,70,82,Attacking leg-spin weapon
2026,Lucknow Super Giants,Avesh Khan,Bowler,Indian,78,78,Frontline domestic pace asset
2026,Lucknow Super Giants,Naveen-ul-Haq,Bowler,Afghan,70,74,Slower ball variation expert at the death
2026,Lucknow Super Giants,Yash Thakur,Bowler,Indian,65,70,Supporting domestic seam option
2026,Sunrisers Hyderabad,Travis Head,Batter,Australian,88,94,"Aggressive, high-impact powerplay weapon"
2026,Sunrisers Hyderabad,Abhishek Sharma,Batter,Indian,80,88,Elite young explosive opener
2026,Sunrisers Hyderabad,Heinrich Klaasen,WK-Batter,South African,88,92,Finisher caliber spin destroyer
2026,Sunrisers Hyderabad,Nitish Kumar Reddy,All-rounder,Indian,72,84,Pivotal young domestic seam all-rounder
2026,Sunrisers Hyderabad,Aiden Markram,Batter,South African,80,80,Middle-order anchor stabilizer
2026,Sunrisers Hyderabad,Pat Cummins,Bowler (C),Australian,92,88,Inspirational leader and key pace resource
2026,Sunrisers Hyderabad,Washington Sundar,All-rounder,Indian,78,78,Powerplay containment off-spinner
2026,Sunrisers Hyderabad,Bhuvneshwar Kumar,Bowler,Indian,88,82,Stalwart veteran swing bowler
2026,Sunrisers Hyderabad,T Natarajan,Bowler,Indian,72,80,Reliable yorker specialist at the death
2026,Sunrisers Hyderabad,Harshal Patel,Bowler,Indian,75,76,Effective dipping slower-ball bowler
2026,Sunrisers Hyderabad,Mayank Markande,Bowler,Indian,65,68,Supporting domestic leg-spinner